7000; 0.0
7001; 0.0
7002; 0.0
7003; 0.0
7004; 0.0
7005; 0.0
7006; 0.0
7007; 0.0
7008; 0.0
7009; 0.0
7010; 0.0
7011; 0.0
7012; 0.0
7013; 0.0
7014; 0.0
7015; 0.0
7016; 0.0
7017; 0.0
7018; 0.0
7019; 0.0
7020; 0.0
7021; 0.0
7022; 0.0
7023; 0.0
7024; 0.0
7025; 0.0
7026; 0.0
7027; 0.0
7028; 0.0
7029; 0.0
7030; 0.0
7031; 0.0
7032; 0.0
7033; 0.0
7034; 0.0
7035; 0.0
7036; 0.0
7037; 0.0
7038; 0.0
7039; 0.0
7040; 0.0
7041; 0.0
7042; 0.0
7043; 0.0
7044; 0.0
7045; 0.0
7046; 0.0
7047; 0.0
7048; 0.0
7049; 0.0
7050; 0.0
7051; 0.0
7052; 0.0
7053; 0.0
7054; 0.0
7055; 0.0
7056; 0.0
7057; 0.0
7058; 0.0
7059; 0.0
7060; 0.0
7061; 0.0
7062; 0.0
7063; 0.0
7064; 0.0
7065; 0.0
7066; 0.0
7067; 0.0
7068; 0.0
7069; 0.0
7070; 0.0
7071; 0.0
7072; 0.0
7073; 0.0
7074; 0.0
7075; 0.0
7076; 0.0
7077; 0.0
7078; 0.0
7079; 0.0
7080; 0.0
7081; 0.0
7082; 0.0
7083; 0.0
7084; 0.0
7085; 0.0
7086; 0.0
7087; 0.0
7088; 0.0
7089; 0.0
7090; 0.0
7091; 0.0
7092; 0.0
7093; 0.0
7094; 0.0
7095; 0.0
7096; 0.0
7097; 0.0
7098; 0.0
7099; 0.0
7100; 0.0
7101; 0.0
7102; 0.0
7103; 0.0
7104; 0.0
7105; 0.0
7106; 0.0
7107; 0.0
7108; 0.0
7109; 0.0
7110; 0.0
7111; 0.0
7112; 0.0
7113; 0.0
7114; 0.0
7115; 0.0
7116; 0.0
7117; 0.0
7118; 0.0
7119; 0.0
7120; 0.0
7121; 0.0
7122; 0.0
7123; 0.0
7124; 0.0
7125; 0.0
7126; 0.0
7127; 0.0
7128; 0.0
7129; 0.0
7130; 0.0
7131; 0.0
7132; 0.0
7133; 0.0
7134; 0.0
7135; 0.0
7136; 0.0
7137; 0.0
7138; 0.0
7139; 0.0
7140; 0.0
7141; 0.0
7142; 0.0
7143; 0.0
7144; 0.0
7145; 0.0
7146; 0.0
7147; 0.0
7148; 0.0
7149; 0.0
7150; 0.0
7151; 0.0
7152; 0.0
7153; 0.0
7154; 0.0
7155; 0.0
7156; 0.0
7157; 0.0
7158; 0.0
7159; 0.0
7160; 0.0
7161; 0.0
7162; 0.0
7163; 0.0
7164; 0.0
7165; 0.0
7166; 0.0
7167; 0.0
7168; 0.0
7169; 0.0
7170; 0.0
7171; 0.0
7172; 0.0
7173; 0.0
7174; 0.0
7175; 0.0
7176; 0.0
7177; 0.0
7178; 0.0
7179; 0.0
7180; 0.0
7181; 0.0
7182; 0.0
7183; 0.0
7184; 0.0
7185; 0.0
7186; 0.0
7187; 0.0
7188; 0.0
7189; 0.0
7190; 0.0
7191; 0.0
7192; 0.0
7193; 0.0
7194; 0.0
7195; 0.0
7196; 0.0
7197; 0.0
7198; 0.0
7199; 0.0
7200; 0.0
7201; 0.0
7202; 0.0
7203; 0.0
7204; 0.0
7205; 0.0
7206; 0.0
7207; 0.0
7208; 0.0
7209; 0.0
7210; 0.0
7211; 0.0
7212; 0.0
7213; 0.0
7214; 0.0
7215; 0.0
7216; 0.0
7217; 0.0
7218; 0.0
7219; 0.0
7220; 0.0
7221; 0.0
7222; 0.0
7223; 0.0
7224; 0.0
7225; 0.0
7226; 0.0
7227; 0.0
7228; 0.0
7229; 0.0
7230; 0.0
7231; 0.0
7232; 0.0
7233; 0.0
7234; 0.0
7235; 0.0
7236; 0.0
7237; 0.0
7238; 0.0
7239; 0.0
7240; 0.0
7241; 0.0
7242; 0.0
7243; 0.0
7244; 0.0
7245; 0.0
7246; 0.0
7247; 0.0
7248; 0.0
7249; 0.0
7250; 0.0
7251; 0.0
7252; 0.0
7253; 0.0
7254; 0.0
7255; 0.0
7256; 0.0
7257; 0.0
7258; 0.0
7259; 0.0
7260; 0.0
7261; 0.0
7262; 0.0
7263; 0.0
7264; 0.0
7265; 0.0
7266; 0.0
7267; 0.0
7268; 0.0
7269; 0.0
7270; 0.0
7271; 0.0
7272; 0.0
7273; 0.0
7274; 0.0
7275; 0.0
7276; 0.0
7277; 0.0
7278; 0.0
7279; 0.0
7280; 0.0
7281; 0.0
7282; 0.0
7283; 0.0
7284; 0.0
7285; 0.0
7286; 0.0
7287; 0.0
7288; 0.0
7289; 0.0
7290; 0.0
7291; 0.0
7292; 0.0
7293; 0.0
7294; 0.0
7295; 0.0
7296; 0.0
7297; 0.0
7298; 0.0
7299; 0.0
7300; 0.0
7301; 0.0
7302; 0.0
7303; 0.0
7304; 0.0
7305; 0.0
7306; 0.0
7307; 0.0
7308; 0.0
7309; 0.0
7310; 0.0
7311; 0.0
7312; 0.0
7313; 0.0
7314; 0.0
7315; 0.0
7316; 0.0
7317; 0.0
7318; 0.0
7319; 0.0
7320; 0.0
7321; 0.0
7322; 0.0
7323; 0.0
7324; 0.0
7325; 0.0
7326; 0.0
7327; 0.0
7328; 0.0
7329; 0.0
7330; 0.0
7331; 0.0
7332; 0.0
7333; 0.0
7334; 0.0
7335; 0.0
7336; 0.0
7337; 0.0
7338; 0.0
7339; 0.0
7340; 0.0
7341; 0.0
7342; 0.0
7343; 0.0
7344; 163.0
7345; 183.0
7346; 183.0
7347; 183.0
7348; 184.0
7349; 184.0
7350; 183.0
7351; 184.0
7352; 186.0
7353; 184.0
7354; 186.0
7355; 182.0
7356; 184.0
7357; 182.0
7358; 182.0
7359; 183.0
7360; 182.0
7361; 183.0
7362; 184.0
7363; 183.0
7364; 182.0
7365; 183.0
7366; 183.0
7367; 182.0
7368; 183.0
7369; 186.0
7370; 182.0
7371; 183.0
7372; 183.0
7373; 184.0
7374; 184.0
7375; 182.0
7376; 183.0
7377; 184.0
7378; 184.0
7379; 183.0
7380; 182.0
7381; 183.0
7382; 183.0
7383; 182.0
7384; 184.0
7385; 184.0
7386; 183.0
7387; 183.0
7388; 184.0
7389; 183.0
7390; 183.0
7391; 182.0
7392; 183.0
7393; 183.0
7394; 183.0
7395; 182.0
7396; 183.0
7397; 182.0
7398; 183.0
7399; 184.0
7400; 183.0
7401; 182.0
7402; 183.0
7403; 183.0
7404; 186.0
7405; 184.0
7406; 183.0
7407; 183.0
7408; 183.0
7409; 182.0
7410; 182.0
7411; 183.0
7412; 183.0
7413; 183.0
7414; 183.0
7415; 183.0
7416; 183.0
7417; 183.0
7418; 183.0
7419; 183.0
7420; 183.0
7421; 182.0
7422; 183.0
7423; 183.0
7424; 182.0
7425; 182.0
7426; 184.0
7427; 183.0
7428; 183.0
7429; 184.0
7430; 183.0
7431; 182.0
7432; 183.0
7433; 182.0
7434; 182.0
7435; 183.0
7436; 183.0
7437; 183.0
7438; 183.0
7439; 183.0
7440; 184.0
7441; 183.0
7442; 182.0
7443; 182.0
7444; 182.0
7445; 182.0
7446; 183.0
7447; 183.0
7448; 182.0
7449; 183.0
7450; 183.0
7451; 182.0
7452; 183.0
7453; 183.0
7454; 183.0
7455; 183.0
7456; 183.0
7457; 183.0
7458; 182.0
7459; 183.0
7460; 184.0
7461; 183.0
7462; 183.0
7463; 184.0
7464; 183.0
7465; 182.0
7466; 182.0
7467; 183.0
7468; 183.0
7469; 182.0
7470; 182.0
7471; 182.0
7472; 183.0
7473; 182.0
7474; 182.0
7475; 183.0
7476; 182.0
7477; 182.0
7478; 182.0
7479; 182.0
7480; 183.0
7481; 181.0
7482; 183.0
7483; 183.0
7484; 181.0
7485; 182.0
7486; 182.0
7487; 182.0
7488; 182.0
7489; 182.0
7490; 182.0
7491; 181.0
7492; 182.0
7493; 183.0
7494; 182.0
7495; 182.0
7496; 182.0
7497; 181.0
7498; 181.0
7499; 182.0
7500; 182.0
7501; 182.0
7502; 183.0
7503; 183.0
7504; 182.0
7505; 182.0
7506; 182.0
7507; 182.0
7508; 182.0
7509; 182.0
7510; 183.0
7511; 182.0
7512; 182.0
7513; 182.0
7514; 182.0
7515; 182.0
7516; 182.0
7517; 182.0
7518; 181.0
7519; 181.0
7520; 183.0
7521; 182.0
7522; 181.0
7523; 182.0
7524; 181.0
7525; 182.0
7526; 182.0
7527; 182.0
7528; 182.0
7529; 182.0
7530; 181.0
7531; 182.0
7532; 182.0
7533; 182.0
7534; 182.0
7535; 182.0
7536; 181.0
7537; 182.0
7538; 181.0
7539; 183.0
7540; 182.0
7541; 182.0
7542; 183.0
7543; 182.0
7544; 181.0
7545; 183.0
7546; 183.0
7547; 182.0
7548; 181.0
7549; 181.0
7550; 182.0
7551; 182.0
7552; 182.0
7553; 181.0
7554; 182.0
7555; 182.0
7556; 182.0
7557; 181.0
7558; 181.0
7559; 182.0
7560; 181.0
7561; 182.0
7562; 182.0
7563; 182.0
7564; 182.0
7565; 181.0
7566; 182.0
7567; 182.0
7568; 182.0
7569; 182.0
7570; 181.0
7571; 182.0
7572; 181.0
7573; 181.0
7574; 182.0
7575; 181.0
7576; 180.0
7577; 181.0
7578; 181.0
7579; 182.0
7580; 182.0
7581; 182.0
7582; 182.0
7583; 182.0
7584; 181.0
7585; 183.0
7586; 181.0
7587; 181.0
7588; 181.0
7589; 182.0
7590; 182.0
7591; 181.0
7592; 183.0
7593; 181.0
7594; 181.0
7595; 182.0
7596; 181.0
7597; 181.0
7598; 182.0
7599; 182.0
7600; 181.0
7601; 182.0
7602; 181.0
7603; 182.0
7604; 181.0
7605; 183.0
7606; 181.0
7607; 182.0
7608; 182.0
7609; 181.0
7610; 180.0
7611; 182.0
7612; 182.0
7613; 182.0
7614; 182.0
7615; 182.0
7616; 181.0
7617; 181.0
7618; 181.0
7619; 181.0
7620; 181.0
7621; 182.0
7622; 182.0
7623; 182.0
7624; 181.0
7625; 181.0
7626; 182.0
7627; 182.0
7628; 180.0
7629; 181.0
7630; 181.0
7631; 182.0
7632; 182.0
7633; 180.0
7634; 181.0
7635; 182.0
7636; 182.0
7637; 181.0
7638; 182.0
7639; 181.0
7640; 181.0
7641; 182.0
7642; 181.0
7643; 182.0
7644; 182.0
7645; 181.0
7646; 180.0
7647; 180.0
7648; 182.0
7649; 182.0
7650; 181.0
7651; 181.0
7652; 181.0
7653; 181.0
7654; 180.0
7655; 181.0
7656; 181.0
7657; 182.0
7658; 182.0
7659; 182.0
7660; 181.0
7661; 182.0
7662; 181.0
7663; 182.0
7664; 181.0
7665; 182.0
7666; 181.0
7667; 182.0
7668; 181.0
7669; 182.0
7670; 182.0
7671; 181.0
7672; 182.0
7673; 181.0
7674; 181.0
7675; 183.0
7676; 181.0
7677; 181.0
7678; 181.0
7679; 181.0
7680; 181.0
7681; 181.0
7682; 181.0
7683; 181.0
7684; 181.0
7685; 182.0
7686; 181.0
7687; 182.0
7688; 181.0
7689; 181.0
7690; 181.0
7691; 180.0
7692; 181.0
7693; 181.0
7694; 180.0
7695; 181.0
7696; 181.0
7697; 181.0
7698; 182.0
7699; 181.0
7700; 180.0
7701; 181.0
7702; 182.0
7703; 181.0
7704; 181.0
7705; 181.0
7706; 180.0
7707; 182.0
7708; 181.0
7709; 181.0
7710; 182.0
7711; 180.0
7712; 181.0
7713; 181.0
7714; 181.0
7715; 182.0
7716; 183.0
7717; 181.0
7718; 181.0
7719; 181.0
7720; 181.0
7721; 182.0
7722; 181.0
7723; 182.0
7724; 180.0
7725; 183.0
7726; 181.0
7727; 181.0
7728; 180.0
7729; 180.0
7730; 181.0
7731; 181.0
7732; 180.0
7733; 182.0
7734; 180.0
7735; 181.0
7736; 182.0
7737; 182.0
7738; 182.0
7739; 181.0
7740; 181.0
7741; 182.0
7742; 181.0
7743; 181.0
7744; 181.0
7745; 180.0
7746; 181.0
7747; 180.0
7748; 180.0
7749; 180.0
7750; 181.0
7751; 182.0
7752; 180.0
7753; 181.0
7754; 180.0
7755; 180.0
7756; 180.0
7757; 180.0
7758; 180.0
7759; 181.0
7760; 181.0
7761; 181.0
7762; 180.0
7763; 181.0
7764; 180.0
7765; 181.0
7766; 178.0
7767; 181.0
7768; 181.0
7769; 181.0
7770; 181.0
7771; 180.0
7772; 180.0
7773; 181.0
7774; 181.0
7775; 181.0
7776; 181.0
7777; 181.0
7778; 181.0
7779; 182.0
7780; 180.0
7781; 180.0
7782; 180.0
7783; 181.0
7784; 178.0
7785; 180.0
7786; 180.0
7787; 181.0
7788; 182.0
7789; 181.0
7790; 181.0
7791; 180.0
7792; 182.0
7793; 181.0
7794; 180.0
7795; 181.0
7796; 182.0
7797; 180.0
7798; 180.0
7799; 181.0
7800; 181.0
7801; 181.0
7802; 180.0
7803; 181.0
7804; 181.0
7805; 181.0
7806; 182.0
7807; 181.0
7808; 181.0
7809; 180.0
7810; 180.0
7811; 181.0
7812; 181.0
7813; 180.0
7814; 181.0
7815; 180.0
7816; 180.0
7817; 178.0
7818; 178.0
7819; 180.0
7820; 181.0
7821; 178.0
7822; 181.0
7823; 180.0
7824; 181.0
7825; 180.0
7826; 180.0
7827; 181.0
7828; 180.0
7829; 179.0
7830; 180.0
7831; 180.0
7832; 180.0
7833; 180.0
7834; 181.0
7835; 180.0
7836; 181.0
7837; 181.0
7838; 182.0
7839; 180.0
7840; 180.0
7841; 181.0
7842; 180.0
7843; 180.0
7844; 180.0
7845; 181.0
7846; 180.0
7847; 178.0
7848; 181.0
7849; 181.0
7850; 181.0
7851; 181.0
7852; 181.0
7853; 180.0
7854; 180.0
7855; 178.0
7856; 180.0
7857; 180.0
7858; 181.0
7859; 180.0
7860; 180.0
7861; 180.0
7862; 180.0
7863; 181.0
7864; 180.0
7865; 180.0
7866; 179.0
7867; 181.0
7868; 181.0
7869; 178.0
7870; 181.0
7871; 178.0
7872; 180.0
7873; 180.0
7874; 180.0
7875; 181.0
7876; 181.0
7877; 180.0
7878; 181.0
7879; 180.0
7880; 180.0
7881; 180.0
7882; 180.0
7883; 179.0
7884; 181.0
7885; 180.0
7886; 180.0
7887; 181.0
7888; 180.0
7889; 180.0
7890; 180.0
7891; 180.0
7892; 178.0
7893; 180.0
7894; 181.0
7895; 181.0
7896; 181.0
7897; 180.0
7898; 180.0
7899; 180.0
7900; 180.0
7901; 178.0
7902; 180.0
7903; 180.0
7904; 180.0
7905; 178.0
7906; 180.0
7907; 180.0
7908; 180.0
7909; 180.0
7910; 181.0
7911; 180.0
7912; 180.0
7913; 181.0
7914; 180.0
7915; 178.0
7916; 178.0
7917; 178.0
7918; 178.0
7919; 177.0
7920; 180.0
7921; 180.0
7922; 180.0
7923; 178.0
7924; 180.0
7925; 180.0
7926; 178.0
7927; 180.0
7928; 178.0
7929; 180.0
7930; 180.0
7931; 178.0
7932; 178.0
7933; 177.0
7934; 162.0
7935; 0.0
7936; 0.0
7937; 0.0
7938; 0.0
7939; 0.0
7940; 0.0
7941; 0.0
7942; 0.0
7943; 0.0
7944; 0.0
7945; 0.0
7946; 0.0
7947; 0.0
7948; 0.0
7949; 0.0
7950; 0.0
7951; 0.0
7952; 0.0
7953; 0.0
7954; 0.0
7955; 0.0
7956; 0.0
7957; 0.0
7958; 0.0
7959; 0.0
7960; 0.0
7961; 0.0
7962; 0.0
7963; 0.0
7964; 0.0
7965; 0.0
7966; 0.0
7967; 0.0
7968; 0.0
7969; 0.0
7970; 0.0
7971; 0.0
7972; 0.0
7973; 0.0
7974; 0.0
7975; 0.0
7976; 0.0
7977; 0.0
7978; 0.0
7979; 0.0
7980; 0.0
7981; 0.0
7982; 0.0
7983; 0.0
7984; 0.0
7985; 0.0
7986; 0.0
7987; 0.0
7988; 0.0
7989; 0.0
7990; 0.0
7991; 0.0
7992; 0.0
7993; 0.0
7994; 0.0
7995; 0.0
7996; 0.0
7997; 0.0
7998; 0.0
7999; 0.0
8000; 0.0
8001; 0.0
8002; 0.0
8003; 0.0
8004; 0.0
8005; 0.0
8006; 0.0
8007; 0.0
8008; 0.0
8009; 0.0
8010; 0.0
8011; 0.0
8012; 0.0
8013; 0.0
8014; 0.0
8015; 0.0
8016; 0.0
8017; 0.0
8018; 0.0
8019; 0.0
8020; 0.0
8021; 0.0
8022; 0.0
8023; 0.0
8024; 0.0
8025; 0.0
8026; 0.0
8027; 0.0
8028; 0.0
8029; 0.0
8030; 0.0
8031; 0.0
8032; 0.0
8033; 0.0
8034; 0.0
8035; 0.0
8036; 0.0
8037; 0.0
8038; 0.0
8039; 0.0
8040; 0.0
8041; 0.0
8042; 0.0
8043; 0.0
8044; 0.0
8045; 0.0
8046; 0.0
8047; 0.0
8048; 0.0
8049; 0.0
8050; 0.0
8051; 0.0
8052; 0.0
8053; 0.0
8054; 0.0
8055; 0.0
8056; 0.0
8057; 0.0
8058; 0.0
8059; 0.0
8060; 0.0
8061; 0.0
8062; 0.0
8063; 0.0
8064; 0.0
8065; 0.0
8066; 0.0
8067; 0.0
8068; 0.0
8069; 0.0
8070; 0.0
8071; 0.0
8072; 0.0
8073; 0.0
8074; 0.0
8075; 0.0
8076; 0.0
8077; 0.0
8078; 0.0
8079; 0.0
8080; 0.0
8081; 0.0
8082; 0.0
8083; 0.0
8084; 0.0
8085; 0.0
8086; 0.0
8087; 0.0
8088; 0.0
8089; 0.0
8090; 0.0
8091; 0.0
8092; 0.0
8093; 0.0
8094; 0.0
8095; 0.0
8096; 0.0
8097; 0.0
8098; 0.0
8099; 0.0
8100; 0.0
8101; 0.0
8102; 0.0
8103; 0.0
8104; 0.0
8105; 0.0
8106; 0.0
8107; 0.0
8108; 0.0
8109; 0.0
8110; 0.0
8111; 0.0
8112; 0.0
8113; 0.0
8114; 0.0
8115; 0.0
8116; 0.0
8117; 0.0
8118; 0.0
8119; 0.0
8120; 0.0
8121; 0.0
8122; 0.0
8123; 0.0
8124; 0.0
8125; 0.0
8126; 0.0
8127; 0.0
8128; 0.0
8129; 0.0
8130; 0.0
8131; 0.0
8132; 0.0
8133; 0.0
8134; 0.0
8135; 0.0
8136; 0.0
8137; 0.0
8138; 0.0
8139; 0.0
8140; 0.0
8141; 0.0
8142; 0.0
8143; 0.0
8144; 0.0
8145; 0.0
8146; 0.0
8147; 0.0
8148; 0.0
8149; 0.0
8150; 0.0
8151; 0.0
8152; 0.0
8153; 0.0
8154; 0.0
8155; 0.0
8156; 0.0
8157; 0.0
8158; 0.0
8159; 0.0
8160; 0.0
8161; 0.0
8162; 0.0
8163; 0.0
8164; 0.0
8165; 0.0
8166; 0.0
8167; 0.0
8168; 0.0
8169; 0.0
8170; 0.0
8171; 0.0
8172; 0.0
8173; 0.0
8174; 0.0
8175; 0.0
8176; 0.0
8177; 0.0
8178; 0.0
8179; 0.0
8180; 0.0
8181; 0.0
8182; 0.0
8183; 0.0
8184; 0.0
8185; 0.0
8186; 0.0
8187; 0.0
8188; 0.0
8189; 0.0
8190; 0.0
8191; 0.0
8192; 0.0
8193; 0.0
8194; 0.0
8195; 0.0
8196; 0.0
8197; 0.0
8198; 0.0
8199; 0.0
8200; 0.0
8201; 0.0
8202; 0.0
8203; 0.0
8204; 0.0
8205; 0.0
8206; 0.0
8207; 0.0
8208; 0.0
8209; 0.0
8210; 0.0
8211; 0.0
8212; 0.0
8213; 0.0
8214; 0.0
8215; 0.0
8216; 0.0
8217; 0.0
8218; 0.0
8219; 0.0
8220; 0.0
8221; 0.0
8222; 0.0
8223; 0.0
8224; 0.0
8225; 0.0
8226; 0.0
8227; 0.0
8228; 0.0
8229; 0.0
8230; 0.0
8231; 0.0
8232; 0.0
8233; 0.0
8234; 0.0
8235; 0.0
8236; 0.0
8237; 0.0
8238; 0.0
8239; 0.0
8240; 0.0
8241; 0.0
8242; 0.0
8243; 0.0
8244; 0.0
8245; 0.0
8246; 0.0
8247; 0.0
8248; 0.0
8249; 0.0
8250; 0.0
8251; 0.0
8252; 0.0
8253; 0.0
8254; 0.0
8255; 0.0
8256; 0.0
8257; 0.0
8258; 0.0
8259; 0.0
8260; 0.0
8261; 0.0
8262; 0.0
8263; 0.0
8264; 0.0
8265; 0.0
8266; 0.0
8267; 0.0
8268; 0.0
8269; 0.0
8270; 0.0
8271; 0.0
8272; 0.0
8273; 0.0
8274; 0.0
8275; 0.0
8276; 0.0
8277; 0.0
8278; 0.0
8279; 0.0
8280; 0.0
8281; 0.0
8282; 0.0
8283; 0.0
8284; 0.0
8285; 0.0
8286; 0.0
8287; 0.0
8288; 0.0
8289; 0.0
8290; 0.0
8291; 0.0
8292; 0.0
8293; 0.0
8294; 0.0
8295; 0.0
8296; 0.0
8297; 0.0
8298; 0.0
8299; 0.0
8300; 0.0
8301; 0.0
8302; 0.0
8303; 0.0
8304; 0.0
8305; 0.0
8306; 0.0
8307; 0.0
8308; 0.0
8309; 0.0
8310; 0.0
8311; 0.0
8312; 0.0
8313; 0.0
8314; 0.0
8315; 0.0
8316; 0.0
8317; 0.0
8318; 0.0
8319; 0.0
8320; 0.0
8321; 0.0
8322; 0.0
8323; 0.0
8324; 0.0
8325; 0.0
8326; 0.0
8327; 0.0
8328; 0.0
8329; 0.0
8330; 0.0
8331; 0.0
8332; 0.0
8333; 0.0
8334; 0.0
8335; 0.0
8336; 0.0
8337; 0.0
8338; 0.0
8339; 0.0
8340; 0.0
8341; 0.0
8342; 0.0
8343; 0.0
8344; 0.0
8345; 0.0
8346; 0.0
8347; 0.0
8348; 0.0
8349; 0.0
8350; 0.0
8351; 0.0
8352; 0.0
8353; 0.0
8354; 0.0
8355; 0.0
8356; 0.0
8357; 0.0
8358; 0.0
8359; 0.0
8360; 0.0
8361; 0.0
8362; 0.0
8363; 0.0
8364; 0.0
8365; 0.0
8366; 0.0
8367; 0.0
8368; 0.0
8369; 0.0
8370; 0.0
8371; 0.0
8372; 0.0
8373; 0.0
8374; 0.0
8375; 0.0
8376; 0.0
8377; 0.0
8378; 0.0
8379; 0.0
8380; 0.0
8381; 0.0
8382; 0.0
8383; 0.0
8384; 0.0
8385; 0.0
8386; 0.0
8387; 0.0
8388; 0.0
8389; 0.0
8390; 0.0
8391; 0.0
8392; 0.0
8393; 0.0
8394; 0.0
8395; 0.0
8396; 0.0
8397; 0.0
8398; 0.0
8399; 0.0
8400; 0.0
8401; 0.0
8402; 0.0
8403; 0.0
8404; 0.0
8405; 0.0
8406; 0.0
8407; 0.0
8408; 0.0
8409; 0.0
8410; 0.0
8411; 0.0
8412; 0.0
8413; 0.0
8414; 0.0
8415; 0.0
8416; 0.0
8417; 0.0
8418; 0.0
8419; 0.0
8420; 0.0
8421; 0.0
8422; 0.0
8423; 0.0
8424; 0.0
8425; 0.0
8426; 0.0
8427; 0.0
8428; 0.0
8429; 0.0
8430; 0.0
8431; 0.0
8432; 0.0
8433; 0.0
8434; 0.0
8435; 0.0
8436; 0.0
8437; 0.0
8438; 0.0
8439; 0.0
8440; 0.0
8441; 0.0
8442; 0.0
8443; 0.0
8444; 0.0
8445; 0.0
8446; 0.0
8447; 0.0
8448; 0.0
8449; 0.0
8450; 0.0
8451; 0.0
8452; 0.0
8453; 0.0
8454; 0.0
8455; 0.0
8456; 0.0
8457; 0.0
8458; 0.0
8459; 0.0
8460; 0.0
8461; 0.0
8462; 0.0
8463; 0.0
8464; 0.0
8465; 0.0
8466; 0.0
8467; 0.0
8468; 0.0
8469; 0.0
8470; 0.0
8471; 0.0
8472; 0.0
8473; 0.0
8474; 0.0
8475; 0.0
8476; 0.0
8477; 0.0
8478; 0.0
8479; 0.0
8480; 0.0
8481; 0.0
8482; 0.0
8483; 0.0
8484; 0.0
8485; 0.0
8486; 0.0
8487; 0.0
8488; 0.0
8489; 0.0
8490; 0.0
8491; 0.0
8492; 0.0
8493; 0.0
8494; 0.0
8495; 0.0
8496; 0.0
8497; 0.0
8498; 0.0
8499; 0.0
8500; 0.0
8501; 0.0
8502; 0.0
8503; 0.0
8504; 0.0
8505; 0.0
8506; 0.0
8507; 0.0
8508; 0.0
8509; 0.0
8510; 0.0
8511; 0.0
8512; 0.0
8513; 0.0
8514; 0.0
8515; 0.0
8516; 0.0
8517; 0.0
8518; 0.0
8519; 0.0
8520; 0.0
8521; 0.0
8522; 0.0
8523; 0.0
8524; 0.0
8525; 0.0
8526; 0.0
8527; 0.0
8528; 0.0
8529; 0.0
8530; 0.0
8531; 0.0
8532; 0.0
8533; 0.0
8534; 0.0
8535; 0.0
8536; 0.0
8537; 0.0
8538; 0.0
8539; 0.0
8540; 0.0
8541; 0.0
8542; 0.0
8543; 0.0
8544; 0.0
8545; 0.0
8546; 0.0
8547; 0.0
8548; 0.0
8549; 0.0
8550; 0.0
8551; 0.0
8552; 0.0
8553; 0.0
8554; 0.0
8555; 0.0
8556; 0.0
8557; 0.0
8558; 0.0
8559; 0.0
8560; 0.0
8561; 0.0
8562; 0.0
8563; 0.0
8564; 0.0
8565; 0.0
8566; 0.0
8567; 0.0
8568; 0.0
8569; 0.0
8570; 0.0
8571; 0.0
8572; 0.0
8573; 0.0
8574; 0.0
8575; 0.0
8576; 0.0
8577; 0.0
8578; 0.0
8579; 0.0
8580; 0.0
8581; 0.0
8582; 0.0
8583; 0.0
8584; 0.0
8585; 0.0
8586; 0.0
8587; 0.0
8588; 0.0
8589; 0.0
8590; 0.0
8591; 0.0
8592; 0.0
8593; 0.0
8594; 0.0
8595; 0.0
8596; 0.0
8597; 0.0
8598; 0.0
8599; 0.0
8600; 0.0
8601; 0.0
8602; 0.0
8603; 0.0
8604; 0.0
8605; 0.0
8606; 0.0
8607; 0.0
8608; 0.0
8609; 0.0
8610; 0.0
8611; 0.0
8612; 0.0
8613; 0.0
8614; 0.0
8615; 0.0
8616; 0.0
8617; 0.0
8618; 0.0
8619; 0.0
8620; 0.0
8621; 0.0
8622; 0.0
8623; 0.0
8624; 0.0
8625; 0.0
8626; 0.0
8627; 0.0
8628; 0.0
8629; 0.0
8630; 0.0
8631; 0.0
8632; 0.0
8633; 0.0
8634; 0.0
8635; 0.0
8636; 0.0
8637; 0.0
8638; 0.0
8639; 0.0
8640; 0.0
8641; 0.0
8642; 0.0
8643; 0.0
8644; 0.0
8645; 0.0
8646; 0.0
8647; 0.0
8648; 0.0
8649; 0.0
8650; 0.0
8651; 0.0
8652; 0.0
8653; 0.0
8654; 0.0
8655; 0.0
8656; 0.0
8657; 0.0
8658; 0.0
8659; 0.0
8660; 0.0
8661; 0.0
8662; 0.0
8663; 0.0
8664; 0.0
8665; 0.0
8666; 0.0
8667; 0.0
8668; 0.0
8669; 0.0
8670; 0.0
8671; 0.0
8672; 0.0
8673; 0.0
8674; 0.0
8675; 0.0
8676; 0.0
8677; 0.0
8678; 0.0
8679; 0.0
8680; 0.0
8681; 0.0
8682; 0.0
8683; 0.0
8684; 0.0
8685; 0.0
8686; 0.0
8687; 0.0
8688; 0.0
8689; 0.0
8690; 0.0
8691; 0.0
8692; 0.0
8693; 0.0
8694; 0.0
8695; 0.0
8696; 0.0
8697; 0.0
8698; 0.0
8699; 0.0
8700; 0.0
8701; 0.0
8702; 0.0
8703; 0.0
8704; 0.0
8705; 0.0
8706; 0.0
8707; 0.0
8708; 0.0
8709; 0.0
8710; 0.0
8711; 0.0
8712; 0.0
8713; 0.0
8714; 0.0
8715; 0.0
8716; 0.0
8717; 0.0
8718; 0.0
8719; 0.0
8720; 0.0
8721; 0.0
8722; 0.0
8723; 0.0
8724; 0.0
8725; 0.0
8726; 0.0
8727; 0.0
8728; 0.0
8729; 0.0
8730; 0.0
8731; 0.0
8732; 0.0
8733; 0.0
8734; 0.0
8735; 0.0
8736; 0.0
8737; 0.0
8738; 0.0
8739; 0.0
8740; 0.0
8741; 0.0
8742; 0.0
8743; 0.0
8744; 0.0
8745; 0.0
8746; 0.0
8747; 0.0
8748; 0.0
8749; 0.0
8750; 0.0
8751; 0.0
8752; 0.0
8753; 0.0
8754; 0.0
8755; 0.0
8756; 0.0
8757; 0.0
8758; 0.0
8759; 0.0
8760; 0.0
8761; 0.0
8762; 0.0
8763; 0.0
8764; 0.0
8765; 0.0
8766; 0.0
8767; 0.0
8768; 0.0
8769; 0.0
8770; 0.0
8771; 0.0
8772; 0.0
8773; 0.0
8774; 0.0
8775; 0.0
8776; 0.0
8777; 0.0
8778; 0.0
8779; 0.0
8780; 0.0
8781; 0.0
8782; 0.0
8783; 0.0
8784; 0.0
8785; 0.0
8786; 0.0
8787; 0.0
8788; 0.0
8789; 0.0
8790; 0.0
8791; 0.0
8792; 0.0
8793; 0.0
8794; 0.0
8795; 0.0
8796; 0.0
8797; 0.0
8798; 0.0
8799; 0.0
8800; 0.0
8801; 0.0
8802; 0.0
8803; 0.0
8804; 0.0
8805; 0.0
8806; 0.0
8807; 0.0
8808; 0.0
8809; 0.0
8810; 0.0
8811; 0.0
8812; 0.0
8813; 0.0
8814; 0.0
8815; 0.0
8816; 0.0
8817; 0.0
8818; 0.0
8819; 0.0
8820; 0.0
8821; 0.0
8822; 0.0
8823; 0.0
8824; 0.0
8825; 0.0
8826; 0.0
8827; 0.0
8828; 0.0
8829; 0.0
8830; 0.0
8831; 0.0
8832; 0.0
8833; 0.0
8834; 0.0
8835; 0.0
8836; 0.0
8837; 0.0
8838; 0.0
8839; 0.0
8840; 0.0
8841; 0.0
8842; 0.0
8843; 0.0
8844; 0.0
8845; 0.0
8846; 0.0
8847; 0.0
8848; 0.0
8849; 0.0
8850; 0.0
8851; 0.0
8852; 0.0
8853; 0.0
8854; 0.0
8855; 0.0
8856; 0.0
8857; 0.0
8858; 0.0
8859; 0.0
8860; 0.0
8861; 0.0
8862; 0.0
8863; 0.0
8864; 0.0
8865; 0.0
8866; 0.0
8867; 0.0
8868; 0.0
8869; 0.0
8870; 0.0
8871; 0.0
8872; 0.0
8873; 0.0
8874; 0.0
8875; 0.0
8876; 0.0
8877; 0.0
8878; 0.0
8879; 0.0
8880; 0.0
8881; 0.0
8882; 0.0
8883; 0.0
8884; 0.0
8885; 0.0
8886; 0.0
8887; 0.0
8888; 0.0
8889; 0.0
8890; 0.0
8891; 0.0
8892; 0.0
8893; 0.0
8894; 0.0
8895; 0.0
8896; 0.0
8897; 0.0
8898; 0.0
8899; 0.0
8900; 0.0
8901; 0.0
8902; 0.0
8903; 0.0
8904; 0.0
8905; 0.0
8906; 0.0
8907; 0.0
8908; 0.0
8909; 0.0
8910; 0.0
8911; 0.0
8912; 0.0
8913; 0.0
8914; 0.0
8915; 0.0
8916; 0.0
8917; 0.0
8918; 0.0
8919; 0.0
8920; 0.0
8921; 0.0
8922; 0.0
8923; 0.0
8924; 0.0
8925; 0.0
8926; 0.0
8927; 0.0
8928; 0.0
8929; 0.0
8930; 0.0
8931; 0.0
8932; 0.0
8933; 0.0
8934; 0.0
8935; 0.0
8936; 0.0
8937; 0.0
8938; 0.0
8939; 0.0
8940; 0.0
8941; 0.0
8942; 168.0
8943; 182.0
8944; 182.0
8945; 182.0
8946; 183.0
8947; 182.0
8948; 184.0
8949; 183.0
8950; 182.0
8951; 183.0
8952; 182.0
8953; 182.0
8954; 183.0
8955; 182.0
8956; 181.0
8957; 181.0
8958; 182.0
8959; 182.0
8960; 181.0
8961; 183.0
8962; 181.0
8963; 181.0
8964; 181.0
8965; 181.0
8966; 181.0
8967; 180.0
8968; 181.0
8969; 182.0
8970; 182.0
8971; 182.0
8972; 181.0
8973; 182.0
8974; 181.0
8975; 181.0
8976; 182.0
8977; 181.0
8978; 181.0
8979; 182.0
8980; 182.0
8981; 181.0
8982; 182.0
8983; 181.0
8984; 181.0
8985; 182.0
8986; 182.0
8987; 182.0
8988; 181.0
8989; 182.0
8990; 182.0
8991; 181.0
8992; 181.0
8993; 182.0
8994; 180.0
8995; 181.0
8996; 182.0
8997; 182.0
8998; 182.0
8999; 182.0
9000; 180.0
9001; 181.0
9002; 181.0
9003; 182.0
9004; 181.0
9005; 181.0
9006; 180.0
9007; 181.0
9008; 180.0
9009; 182.0
9010; 181.0
9011; 181.0
9012; 180.0
9013; 180.0
9014; 182.0
9015; 181.0
9016; 182.0
9017; 181.0
9018; 181.0
9019; 182.0
9020; 181.0
9021; 180.0
9022; 181.0
9023; 181.0
9024; 181.0
9025; 181.0
9026; 181.0
9027; 182.0
9028; 181.0
9029; 182.0
9030; 181.0
9031; 181.0
9032; 181.0
9033; 183.0
9034; 180.0
9035; 181.0
9036; 181.0
9037; 181.0
9038; 180.0
9039; 182.0
9040; 182.0
9041; 181.0
9042; 182.0
9043; 181.0
9044; 181.0
9045; 180.0
9046; 181.0
9047; 181.0
9048; 181.0
9049; 181.0
9050; 182.0
9051; 181.0
9052; 181.0
9053; 181.0
9054; 181.0
9055; 181.0
9056; 181.0
9057; 181.0
9058; 181.0
9059; 181.0
9060; 182.0
9061; 182.0
9062; 181.0
9063; 181.0
9064; 182.0
9065; 181.0
9066; 181.0
9067; 180.0
9068; 182.0
9069; 182.0
9070; 181.0
9071; 181.0
9072; 180.0
9073; 181.0
9074; 180.0
9075; 181.0
9076; 181.0
9077; 181.0
9078; 181.0
9079; 181.0
9080; 182.0
9081; 181.0
9082; 181.0
9083; 180.0
9084; 181.0
9085; 180.0
9086; 180.0
9087; 181.0
9088; 180.0
9089; 180.0
9090; 180.0
9091; 181.0
9092; 182.0
9093; 181.0
9094; 181.0
9095; 181.0
9096; 182.0
9097; 180.0
9098; 182.0
9099; 180.0
9100; 181.0
9101; 181.0
9102; 181.0
9103; 181.0
9104; 182.0
9105; 181.0
9106; 180.0
9107; 181.0
9108; 181.0
9109; 182.0
9110; 182.0
9111; 180.0
9112; 181.0
9113; 181.0
9114; 182.0
9115; 181.0
9116; 182.0
9117; 180.0
9118; 181.0
9119; 181.0
9120; 180.0
9121; 180.0
9122; 181.0
9123; 181.0
9124; 180.0
9125; 181.0
9126; 182.0
9127; 182.0
9128; 180.0
9129; 181.0
9130; 180.0
9131; 181.0
9132; 181.0
9133; 181.0
9134; 181.0
9135; 181.0
9136; 181.0
9137; 181.0
9138; 182.0
9139; 181.0
9140; 181.0
9141; 180.0
9142; 181.0
9143; 181.0
9144; 181.0
9145; 181.0
9146; 181.0
9147; 181.0
9148; 181.0
9149; 181.0
9150; 180.0
9151; 181.0
9152; 181.0
9153; 181.0
9154; 181.0
9155; 181.0
9156; 182.0
9157; 181.0
9158; 181.0
9159; 181.0
9160; 181.0
9161; 182.0
9162; 180.0
9163; 181.0
9164; 181.0
9165; 181.0
9166; 181.0
9167; 181.0
9168; 182.0
9169; 181.0
9170; 182.0
9171; 181.0
9172; 181.0
9173; 181.0
9174; 181.0
9175; 180.0
9176; 180.0
9177; 181.0
9178; 182.0
9179; 180.0
9180; 181.0
9181; 181.0
9182; 180.0
9183; 181.0
9184; 181.0
9185; 181.0
9186; 181.0
9187; 183.0
9188; 182.0
9189; 180.0
9190; 182.0
9191; 179.0
9192; 181.0
9193; 181.0
9194; 181.0
9195; 181.0
9196; 180.0
9197; 182.0
9198; 181.0
9199; 181.0
9200; 182.0
9201; 181.0
9202; 181.0
9203; 180.0
9204; 180.0
9205; 181.0
9206; 180.0
9207; 180.0
9208; 181.0
9209; 182.0
9210; 180.0
9211; 181.0
9212; 180.0
9213; 181.0
9214; 181.0
9215; 181.0
9216; 181.0
9217; 178.0
9218; 182.0
9219; 180.0
9220; 181.0
9221; 181.0
9222; 180.0
9223; 181.0
9224; 181.0
9225; 181.0
9226; 180.0
9227; 180.0
9228; 180.0
9229; 181.0
9230; 181.0
9231; 181.0
9232; 181.0
9233; 181.0
9234; 181.0
9235; 181.0
9236; 180.0
9237; 180.0
9238; 181.0
9239; 181.0
9240; 182.0
9241; 181.0
9242; 181.0
9243; 180.0
9244; 180.0
9245; 180.0
9246; 181.0
9247; 180.0
9248; 181.0
9249; 181.0
9250; 181.0
9251; 180.0
9252; 181.0
9253; 181.0
9254; 180.0
9255; 180.0
9256; 181.0
9257; 180.0
9258; 180.0
9259; 181.0
9260; 181.0
9261; 180.0
9262; 181.0
9263; 181.0
9264; 181.0
9265; 181.0
9266; 180.0
9267; 181.0
9268; 180.0
9269; 180.0
9270; 180.0
9271; 181.0
9272; 181.0
9273; 180.0
9274; 181.0
9275; 178.0
9276; 181.0
9277; 180.0
9278; 181.0
9279; 181.0
9280; 181.0
9281; 180.0
9282; 181.0
9283; 180.0
9284; 181.0
9285; 180.0
9286; 181.0
9287; 181.0
9288; 181.0
9289; 181.0
9290; 181.0
9291; 180.0
9292; 181.0
9293; 181.0
9294; 180.0
9295; 181.0
9296; 180.0
9297; 181.0
9298; 181.0
9299; 180.0
9300; 181.0
9301; 182.0
9302; 182.0
9303; 181.0
9304; 180.0
9305; 181.0
9306; 181.0
9307; 180.0
9308; 181.0
9309; 180.0
9310; 181.0
9311; 181.0
9312; 180.0
9313; 180.0
9314; 181.0
9315; 180.0
9316; 181.0
9317; 180.0
9318; 181.0
9319; 181.0
9320; 178.0
9321; 181.0
9322; 180.0
9323; 180.0
9324; 181.0
9325; 181.0
9326; 180.0
9327; 181.0
9328; 181.0
9329; 180.0
9330; 182.0
9331; 180.0
9332; 180.0
9333; 178.0
9334; 181.0
9335; 181.0
9336; 181.0
9337; 180.0
9338; 180.0
9339; 180.0
9340; 181.0
9341; 180.0
9342; 181.0
9343; 180.0
9344; 181.0
9345; 181.0
9346; 180.0
9347; 180.0
9348; 181.0
9349; 181.0
9350; 178.0
9351; 180.0
9352; 181.0
9353; 180.0
9354; 180.0
9355; 181.0
9356; 180.0
9357; 181.0
9358; 181.0
9359; 180.0
9360; 180.0
9361; 178.0
9362; 165.0
9363; 0.0
9364; 0.0
9365; 0.0
9366; 0.0
9367; 0.0
9368; 0.0
9369; 0.0
9370; 0.0
9371; 0.0
9372; 0.0
9373; 0.0
9374; 0.0
9375; 0.0
9376; 0.0
9377; 0.0
9378; 0.0
9379; 0.0
9380; 0.0
9381; 0.0
9382; 0.0
9383; 0.0
9384; 0.0
9385; 0.0
9386; 0.0
9387; 0.0
9388; 0.0
9389; 0.0
9390; 0.0
9391; 0.0
9392; 0.0
9393; 0.0
9394; 0.0
9395; 0.0
9396; 0.0
9397; 0.0
9398; 0.0
9399; 0.0
9400; 0.0
9401; 0.0
9402; 0.0
9403; 0.0
9404; 0.0
9405; 0.0
9406; 0.0
9407; 0.0
9408; 0.0
9409; 0.0
9410; 0.0
9411; 0.0
9412; 0.0
9413; 0.0
9414; 0.0
9415; 0.0
9416; 0.0
9417; 0.0
9418; 0.0
9419; 0.0
9420; 0.0
9421; 0.0
9422; 0.0
9423; 0.0
9424; 0.0
9425; 0.0
9426; 0.0
9427; 0.0
9428; 0.0
9429; 0.0
9430; 0.0
9431; 0.0
9432; 0.0
9433; 0.0
9434; 0.0
9435; 0.0
9436; 0.0
9437; 0.0
9438; 0.0
9439; 0.0
9440; 0.0
9441; 0.0
9442; 0.0
9443; 0.0
9444; 0.0
9445; 0.0
9446; 0.0
9447; 0.0
9448; 0.0
9449; 0.0
9450; 0.0
9451; 0.0
9452; 0.0
9453; 0.0
9454; 0.0
9455; 0.0
9456; 0.0
9457; 0.0
9458; 0.0
9459; 0.0
9460; 0.0
9461; 0.0
9462; 0.0
9463; 0.0
9464; 0.0
9465; 0.0
9466; 0.0
9467; 0.0
9468; 0.0
9469; 0.0
9470; 0.0
9471; 0.0
9472; 0.0
9473; 0.0
9474; 0.0
9475; 0.0
9476; 0.0
9477; 0.0
9478; 0.0
9479; 0.0
9480; 0.0
9481; 0.0
9482; 0.0
9483; 0.0
9484; 0.0
9485; 0.0
9486; 0.0
9487; 0.0
9488; 0.0
9489; 0.0
9490; 0.0
9491; 0.0
9492; 0.0
9493; 0.0
9494; 0.0
9495; 0.0
9496; 0.0
9497; 0.0
9498; 0.0
9499; 0.0
9500; 0.0
9501; 0.0
9502; 0.0
9503; 0.0
9504; 0.0
9505; 0.0
9506; 0.0
9507; 0.0
9508; 0.0
9509; 0.0
9510; 0.0
9511; 0.0
9512; 0.0
9513; 0.0
9514; 0.0
9515; 0.0
9516; 0.0
9517; 0.0
9518; 0.0
9519; 0.0
9520; 0.0
9521; 0.0
9522; 0.0
9523; 0.0
9524; 0.0
9525; 0.0
9526; 0.0
9527; 0.0
9528; 0.0
9529; 0.0
9530; 0.0
9531; 0.0
9532; 0.0
9533; 0.0
9534; 0.0
9535; 0.0
9536; 0.0
9537; 0.0
9538; 0.0
9539; 0.0
9540; 0.0
9541; 0.0
9542; 0.0
9543; 0.0
9544; 0.0
9545; 0.0
9546; 0.0
9547; 0.0
9548; 0.0
9549; 0.0
9550; 0.0
9551; 0.0
9552; 0.0
9553; 0.0
9554; 0.0
9555; 0.0
9556; 0.0
9557; 0.0
9558; 0.0
9559; 0.0
9560; 0.0
9561; 0.0
9562; 0.0
9563; 0.0
9564; 0.0
9565; 0.0
9566; 0.0
9567; 0.0
9568; 0.0
9569; 0.0
9570; 0.0
9571; 0.0
9572; 0.0
9573; 0.0
9574; 0.0
9575; 0.0
9576; 0.0
9577; 0.0
9578; 0.0
9579; 0.0
9580; 0.0
9581; 0.0
9582; 0.0
9583; 0.0
9584; 0.0
9585; 0.0
9586; 0.0
9587; 0.0
9588; 0.0
9589; 0.0
9590; 0.0
9591; 0.0
9592; 0.0
9593; 0.0
9594; 0.0
9595; 0.0
9596; 0.0
9597; 0.0
9598; 0.0
9599; 0.0
9600; 0.0
9601; 0.0
9602; 0.0
9603; 0.0
9604; 0.0
9605; 0.0
9606; 0.0
9607; 0.0
9608; 0.0
9609; 0.0
9610; 0.0
9611; 0.0
9612; 0.0
9613; 0.0
9614; 0.0
9615; 0.0
9616; 0.0
9617; 0.0
9618; 0.0
9619; 0.0
9620; 0.0
9621; 0.0
9622; 0.0
9623; 0.0
9624; 0.0
9625; 0.0
9626; 0.0
9627; 0.0
9628; 0.0
9629; 0.0
9630; 0.0
9631; 0.0
9632; 0.0
9633; 0.0
9634; 0.0
9635; 0.0
9636; 0.0
9637; 0.0
9638; 0.0
9639; 0.0
9640; 0.0
9641; 0.0
9642; 0.0
9643; 0.0
9644; 0.0
9645; 0.0
9646; 0.0
9647; 0.0
9648; 0.0
9649; 0.0
9650; 0.0
9651; 0.0
9652; 0.0
9653; 0.0
9654; 0.0
9655; 0.0
9656; 0.0
9657; 0.0
9658; 0.0
9659; 0.0
9660; 0.0
9661; 0.0
9662; 0.0
9663; 0.0
9664; 0.0
9665; 0.0
9666; 0.0
9667; 0.0
9668; 0.0
9669; 0.0
9670; 0.0
9671; 0.0
9672; 0.0
9673; 0.0
9674; 0.0
9675; 0.0
9676; 0.0
9677; 0.0
9678; 0.0
9679; 0.0
9680; 0.0
9681; 0.0
9682; 0.0
9683; 0.0
9684; 0.0
9685; 0.0
9686; 0.0
9687; 0.0
9688; 0.0
9689; 0.0
9690; 0.0
9691; 0.0
9692; 0.0
9693; 0.0
9694; 0.0
9695; 0.0
9696; 0.0
9697; 0.0
9698; 0.0
9699; 0.0
9700; 0.0
9701; 0.0
9702; 0.0
9703; 0.0
9704; 0.0
9705; 0.0
9706; 0.0
9707; 0.0
9708; 0.0
9709; 0.0
9710; 0.0
9711; 0.0
9712; 0.0
9713; 0.0
9714; 0.0
9715; 0.0
9716; 0.0
9717; 0.0
9718; 0.0
9719; 0.0
9720; 0.0
9721; 0.0
9722; 0.0
9723; 0.0
9724; 0.0
9725; 0.0
9726; 0.0
9727; 0.0
9728; 0.0
9729; 0.0
9730; 0.0
9731; 0.0
9732; 0.0
9733; 0.0
9734; 0.0
9735; 0.0
9736; 0.0
9737; 0.0
9738; 0.0
9739; 0.0
9740; 0.0
9741; 0.0
9742; 0.0
9743; 0.0
9744; 0.0
9745; 0.0
9746; 0.0
9747; 0.0
9748; 0.0
9749; 0.0
9750; 0.0
9751; 0.0
9752; 0.0
9753; 0.0
9754; 0.0
9755; 0.0
9756; 0.0
9757; 0.0
9758; 0.0
9759; 0.0
9760; 0.0
9761; 0.0
9762; 0.0
9763; 0.0
9764; 0.0
9765; 0.0
9766; 0.0
9767; 0.0
9768; 0.0
9769; 0.0
9770; 0.0
9771; 0.0
9772; 0.0
9773; 0.0
9774; 0.0
9775; 0.0
9776; 0.0
9777; 0.0
9778; 0.0
9779; 0.0
9780; 0.0
9781; 0.0
9782; 0.0
9783; 0.0
9784; 0.0
9785; 0.0
9786; 0.0
9787; 0.0
9788; 0.0
9789; 0.0
9790; 0.0
9791; 0.0
9792; 0.0
9793; 0.0
9794; 0.0
9795; 0.0
9796; 0.0
9797; 0.0
9798; 0.0
9799; 0.0
9800; 0.0
9801; 0.0
9802; 0.0
9803; 0.0
9804; 0.0
9805; 0.0
9806; 0.0
9807; 0.0
9808; 0.0
9809; 0.0
9810; 0.0
9811; 0.0
9812; 0.0
9813; 0.0
9814; 0.0
9815; 0.0
9816; 0.0
9817; 0.0
9818; 0.0
9819; 0.0
9820; 0.0
9821; 0.0
9822; 0.0
9823; 0.0
9824; 0.0
9825; 0.0
9826; 0.0
9827; 0.0
9828; 0.0
9829; 0.0
9830; 0.0
9831; 0.0
9832; 0.0
9833; 0.0
9834; 0.0
9835; 0.0
9836; 0.0
9837; 0.0
9838; 0.0
9839; 0.0
9840; 0.0
9841; 0.0
9842; 0.0
9843; 0.0
9844; 0.0
9845; 0.0
9846; 0.0
9847; 0.0
9848; 0.0
9849; 0.0
9850; 0.0
9851; 0.0
9852; 0.0
9853; 0.0
9854; 0.0
9855; 0.0
9856; 0.0
9857; 0.0
9858; 0.0
9859; 0.0
9860; 0.0
9861; 0.0
9862; 0.0
9863; 0.0
9864; 0.0
9865; 0.0
9866; 0.0
9867; 0.0
9868; 0.0
9869; 0.0
9870; 0.0
9871; 0.0
9872; 0.0
9873; 0.0
9874; 0.0
9875; 0.0
9876; 0.0
9877; 0.0
9878; 0.0
9879; 0.0
9880; 0.0
9881; 0.0
9882; 0.0
9883; 0.0
9884; 0.0
9885; 0.0
9886; 0.0
9887; 0.0
9888; 0.0
9889; 0.0
9890; 0.0
9891; 0.0
9892; 0.0
9893; 0.0
9894; 0.0
9895; 0.0
9896; 0.0
9897; 0.0
9898; 0.0
9899; 0.0
9900; 0.0
9901; 0.0
9902; 0.0
9903; 0.0
9904; 0.0
9905; 0.0
9906; 0.0
9907; 0.0
9908; 0.0
9909; 0.0
9910; 0.0
9911; 0.0
9912; 0.0
9913; 0.0
9914; 0.0
9915; 0.0
9916; 0.0
9917; 0.0
9918; 0.0
9919; 0.0
9920; 0.0
9921; 0.0
9922; 0.0
9923; 0.0
9924; 0.0
9925; 0.0
9926; 0.0
9927; 0.0
9928; 0.0
9929; 0.0
9930; 0.0
9931; 0.0
9932; 0.0
9933; 0.0
9934; 0.0
9935; 0.0
9936; 0.0
9937; 0.0
9938; 0.0
9939; 0.0
9940; 0.0
9941; 0.0
9942; 0.0
9943; 0.0
9944; 0.0
9945; 0.0
9946; 0.0
9947; 0.0
9948; 0.0
9949; 0.0
9950; 0.0
9951; 0.0
9952; 0.0
9953; 0.0
9954; 0.0
9955; 0.0
9956; 0.0
9957; 0.0
9958; 0.0
9959; 0.0
9960; 0.0
9961; 0.0
9962; 0.0
9963; 0.0
9964; 0.0
9965; 0.0
9966; 0.0
9967; 0.0
9968; 0.0
9969; 0.0
9970; 0.0
9971; 0.0
9972; 0.0
9973; 0.0
9974; 0.0
9975; 0.0
9976; 0.0
9977; 0.0
9978; 0.0
9979; 0.0
9980; 0.0
9981; 0.0
9982; 0.0
9983; 0.0
9984; 0.0
9985; 0.0
9986; 0.0
9987; 0.0
9988; 0.0
9989; 0.0
9990; 0.0
9991; 0.0
9992; 0.0
9993; 0.0
9994; 0.0
9995; 0.0
9996; 0.0
9997; 0.0
9998; 0.0
9999; 0.0
10000; 0.0
10001; 0.0
10002; 0.0
10003; 0.0
10004; 0.0
10005; 0.0
10006; 0.0
10007; 0.0
10008; 0.0
10009; 0.0
10010; 0.0
10011; 0.0
10012; 0.0
10013; 0.0
10014; 0.0
10015; 0.0
10016; 0.0
10017; 0.0
10018; 0.0
10019; 0.0
10020; 0.0
10021; 0.0
10022; 0.0
10023; 0.0
10024; 0.0
10025; 0.0
10026; 0.0
10027; 0.0
10028; 0.0
10029; 0.0
10030; 0.0
10031; 0.0
10032; 0.0
10033; 0.0
10034; 0.0
10035; 0.0
10036; 0.0
10037; 0.0
10038; 0.0
10039; 0.0
10040; 0.0
10041; 0.0
10042; 0.0
10043; 0.0
10044; 0.0
10045; 0.0
10046; 0.0
10047; 0.0
10048; 0.0
10049; 0.0
10050; 0.0
10051; 0.0
10052; 0.0
10053; 0.0
10054; 0.0
10055; 0.0
10056; 0.0
10057; 175.0
10058; 183.0
10059; 184.0
10060; 184.0
10061; 186.0
10062; 184.0
10063; 184.0
10064; 184.0
10065; 184.0
10066; 183.0
10067; 183.0
10068; 184.0
10069; 183.0
10070; 184.0
10071; 186.0
10072; 183.0
10073; 186.0
10074; 182.0
10075; 182.0
10076; 184.0
10077; 183.0
10078; 182.0
10079; 184.0
10080; 182.0
10081; 183.0
10082; 183.0
10083; 184.0
10084; 183.0
10085; 183.0
10086; 182.0
10087; 186.0
10088; 183.0
10089; 184.0
10090; 183.0
10091; 183.0
10092; 184.0
10093; 183.0
10094; 183.0
10095; 183.0
10096; 182.0
10097; 183.0
10098; 183.0
10099; 184.0
10100; 183.0
10101; 183.0
10102; 183.0
10103; 182.0
10104; 184.0
10105; 182.0
10106; 183.0
10107; 182.0
10108; 184.0
10109; 183.0
10110; 186.0
10111; 182.0
10112; 182.0
10113; 184.0
10114; 182.0
10115; 183.0
10116; 184.0
10117; 183.0
10118; 183.0
10119; 183.0
10120; 184.0
10121; 182.0
10122; 183.0
10123; 183.0
10124; 183.0
10125; 183.0
10126; 183.0
10127; 183.0
10128; 183.0
10129; 182.0
10130; 183.0
10131; 184.0
10132; 183.0
10133; 183.0
10134; 183.0
10135; 184.0
10136; 186.0
10137; 183.0
10138; 183.0
10139; 183.0
10140; 184.0
10141; 184.0
10142; 184.0
10143; 183.0
10144; 183.0
10145; 182.0
10146; 184.0
10147; 183.0
10148; 182.0
10149; 184.0
10150; 184.0
10151; 184.0
10152; 184.0
10153; 184.0
10154; 184.0
10155; 183.0
10156; 184.0
10157; 182.0
10158; 184.0
10159; 183.0
10160; 183.0
10161; 182.0
10162; 183.0
10163; 183.0
10164; 184.0
10165; 183.0
10166; 183.0
10167; 183.0
10168; 183.0
10169; 182.0
10170; 183.0
10171; 182.0
10172; 183.0
10173; 183.0
10174; 182.0
10175; 184.0
10176; 184.0
10177; 183.0
10178; 183.0
10179; 183.0
10180; 182.0
10181; 184.0
10182; 183.0
10183; 183.0
10184; 183.0
10185; 184.0
10186; 184.0
10187; 183.0
10188; 183.0
10189; 182.0
10190; 183.0
10191; 182.0
10192; 184.0
10193; 183.0
10194; 183.0
10195; 183.0
10196; 182.0
10197; 183.0
10198; 183.0
10199; 183.0
10200; 182.0
10201; 183.0
10202; 182.0
10203; 182.0
10204; 183.0
10205; 183.0
10206; 183.0
10207; 182.0
10208; 182.0
10209; 183.0
10210; 183.0
10211; 182.0
10212; 183.0
10213; 183.0
10214; 183.0
10215; 183.0
10216; 182.0
10217; 183.0
10218; 183.0
10219; 183.0
10220; 184.0
10221; 181.0
10222; 183.0
10223; 183.0
10224; 181.0
10225; 183.0
10226; 183.0
10227; 183.0
10228; 183.0
10229; 183.0
10230; 183.0
10231; 186.0
10232; 182.0
10233; 184.0
10234; 182.0
10235; 182.0
10236; 183.0
10237; 183.0
10238; 183.0
10239; 183.0
10240; 182.0
10241; 183.0
10242; 183.0
10243; 183.0
10244; 182.0
10245; 182.0
10246; 183.0
10247; 184.0
10248; 183.0
10249; 183.0
10250; 182.0
10251; 184.0
10252; 182.0
10253; 182.0
10254; 184.0
10255; 182.0
10256; 183.0
10257; 182.0
10258; 182.0
10259; 183.0
10260; 183.0
10261; 183.0
10262; 184.0
10263; 183.0
10264; 182.0
10265; 183.0
10266; 183.0
10267; 184.0
10268; 183.0
10269; 183.0
10270; 183.0
10271; 181.0
10272; 183.0
10273; 182.0
10274; 183.0
10275; 182.0
10276; 182.0
10277; 183.0
10278; 182.0
10279; 182.0
10280; 182.0
10281; 182.0
10282; 183.0
10283; 184.0
10284; 181.0
10285; 182.0
10286; 182.0
10287; 183.0
10288; 183.0
10289; 183.0
10290; 183.0
10291; 182.0
10292; 183.0
10293; 182.0
10294; 184.0
10295; 183.0
10296; 182.0
10297; 183.0
10298; 183.0
10299; 183.0
10300; 182.0
10301; 183.0
10302; 183.0
10303; 182.0
10304; 182.0
10305; 183.0
10306; 183.0
10307; 183.0
10308; 182.0
10309; 183.0
10310; 183.0
10311; 183.0
10312; 183.0
10313; 182.0
10314; 182.0
10315; 182.0
10316; 183.0
10317; 182.0
10318; 183.0
10319; 182.0
10320; 183.0
10321; 183.0
10322; 182.0
10323; 183.0
10324; 183.0
10325; 183.0
10326; 183.0
10327; 182.0
10328; 182.0
10329; 183.0
10330; 182.0
10331; 182.0
10332; 184.0
10333; 183.0
10334; 183.0
10335; 182.0
10336; 182.0
10337; 183.0
10338; 183.0
10339; 183.0
10340; 182.0
10341; 182.0
10342; 182.0
10343; 182.0
10344; 181.0
10345; 182.0
10346; 183.0
10347; 181.0
10348; 183.0
10349; 184.0
10350; 184.0
10351; 182.0
10352; 183.0
10353; 183.0
10354; 183.0
10355; 183.0
10356; 182.0
10357; 182.0
10358; 183.0
10359; 183.0
10360; 182.0
10361; 182.0
10362; 183.0
10363; 182.0
10364; 183.0
10365; 182.0
10366; 182.0
10367; 183.0
10368; 186.0
10369; 182.0
10370; 183.0
10371; 183.0
10372; 183.0
10373; 183.0
10374; 182.0
10375; 183.0
10376; 183.0
10377; 182.0
10378; 183.0
10379; 182.0
10380; 182.0
10381; 183.0
10382; 183.0
10383; 182.0
10384; 183.0
10385; 182.0
10386; 182.0
10387; 181.0
10388; 183.0
10389; 182.0
10390; 182.0
10391; 182.0
10392; 182.0
10393; 181.0
10394; 182.0
10395; 184.0
10396; 183.0
10397; 182.0
10398; 183.0
10399; 182.0
10400; 182.0
10401; 183.0
10402; 182.0
10403; 181.0
10404; 182.0
10405; 182.0
10406; 182.0
10407; 183.0
10408; 183.0
10409; 182.0
10410; 182.0
10411; 182.0
10412; 182.0
10413; 183.0
10414; 182.0
10415; 182.0
10416; 181.0
10417; 183.0
10418; 183.0
10419; 182.0
10420; 183.0
10421; 181.0
10422; 182.0
10423; 182.0
10424; 183.0
10425; 183.0
10426; 182.0
10427; 183.0
10428; 181.0
10429; 182.0
10430; 182.0
10431; 182.0
10432; 183.0
10433; 182.0
10434; 182.0
10435; 182.0
10436; 183.0
10437; 183.0
10438; 182.0
10439; 183.0
10440; 183.0
10441; 182.0
10442; 183.0
10443; 183.0
10444; 181.0
10445; 183.0
10446; 183.0
10447; 183.0
10448; 182.0
10449; 182.0
10450; 182.0
10451; 182.0
10452; 181.0
10453; 183.0
10454; 183.0
10455; 182.0
10456; 183.0
10457; 182.0
10458; 182.0
10459; 183.0
10460; 182.0
10461; 183.0
10462; 183.0
10463; 182.0
10464; 182.0
10465; 181.0
10466; 183.0
10467; 182.0
10468; 182.0
10469; 182.0
10470; 181.0
10471; 182.0
10472; 183.0
10473; 182.0
10474; 183.0
10475; 184.0
10476; 182.0
10477; 181.0
10478; 182.0
10479; 182.0
10480; 181.0
10481; 183.0
10482; 181.0
10483; 182.0
10484; 182.0
10485; 182.0
10486; 182.0
10487; 182.0
10488; 182.0
10489; 181.0
10490; 183.0
10491; 183.0
10492; 182.0
10493; 181.0
10494; 182.0
10495; 182.0
10496; 182.0
10497; 182.0
10498; 182.0
10499; 182.0
10500; 182.0
10501; 182.0
10502; 182.0
10503; 183.0
10504; 182.0
10505; 182.0
10506; 182.0
10507; 184.0
10508; 182.0
10509; 182.0
10510; 182.0
10511; 182.0
10512; 180.0
10513; 182.0
10514; 182.0
10515; 182.0
10516; 181.0
10517; 181.0
10518; 181.0
10519; 182.0
10520; 181.0
10521; 182.0
10522; 182.0
10523; 183.0
10524; 182.0
10525; 183.0
10526; 182.0
10527; 183.0
10528; 183.0
10529; 182.0
10530; 182.0
10531; 181.0
10532; 183.0
10533; 183.0
10534; 182.0
10535; 183.0
10536; 182.0
10537; 182.0
10538; 182.0
10539; 181.0
10540; 181.0
10541; 183.0
10542; 183.0
10543; 183.0
10544; 181.0
10545; 181.0
10546; 181.0
10547; 181.0
10548; 182.0
10549; 183.0
10550; 181.0
10551; 181.0
10552; 183.0
10553; 183.0
10554; 182.0
10555; 182.0
10556; 183.0
10557; 182.0
10558; 181.0
10559; 182.0
10560; 182.0
10561; 182.0
10562; 182.0
10563; 182.0
10564; 182.0
10565; 182.0
10566; 182.0
10567; 182.0
10568; 182.0
10569; 182.0
10570; 181.0
10571; 182.0
10572; 182.0
10573; 181.0
10574; 182.0
10575; 182.0
10576; 182.0
10577; 182.0
10578; 183.0
10579; 183.0
10580; 182.0
10581; 182.0
10582; 166.0
10583; 0.0
10584; 0.0
10585; 0.0
10586; 0.0
10587; 0.0
10588; 0.0
10589; 0.0
10590; 0.0
10591; 0.0
10592; 0.0
10593; 0.0
10594; 0.0
10595; 0.0
10596; 0.0
10597; 0.0
10598; 0.0
10599; 0.0
10600; 0.0
10601; 0.0
10602; 0.0
10603; 0.0
10604; 0.0
10605; 0.0
10606; 0.0
10607; 0.0
10608; 0.0
10609; 0.0
10610; 0.0
10611; 0.0
10612; 0.0
10613; 0.0
10614; 0.0
10615; 0.0
10616; 0.0
10617; 0.0
10618; 0.0
10619; 0.0
10620; 0.0
10621; 0.0
10622; 0.0
10623; 0.0
10624; 0.0
10625; 0.0
10626; 0.0
10627; 0.0
10628; 0.0
10629; 0.0
10630; 0.0
10631; 0.0
10632; 0.0
10633; 0.0
10634; 0.0
10635; 0.0
10636; 0.0
10637; 0.0
10638; 0.0
10639; 0.0
10640; 0.0
10641; 0.0
10642; 0.0
10643; 0.0
10644; 0.0
10645; 0.0
10646; 0.0
10647; 0.0
10648; 0.0
10649; 0.0
10650; 0.0
10651; 0.0
10652; 0.0
10653; 0.0
10654; 0.0
10655; 0.0
10656; 0.0
10657; 0.0
10658; 0.0
10659; 0.0
10660; 0.0
10661; 0.0
10662; 0.0
10663; 0.0
10664; 0.0
10665; 0.0
10666; 0.0
10667; 0.0
10668; 0.0
10669; 0.0
10670; 0.0
10671; 0.0
10672; 0.0
10673; 0.0
10674; 0.0
10675; 0.0
10676; 0.0
10677; 0.0
10678; 0.0
10679; 0.0
10680; 0.0
10681; 0.0
10682; 0.0
10683; 0.0
10684; 0.0
10685; 0.0
10686; 0.0
10687; 0.0
10688; 0.0
10689; 0.0
10690; 0.0
10691; 0.0
10692; 0.0
10693; 0.0
10694; 0.0
10695; 0.0
10696; 0.0
10697; 0.0
10698; 0.0
10699; 0.0
10700; 0.0
10701; 0.0
10702; 0.0
10703; 0.0
10704; 0.0
10705; 0.0
10706; 0.0
10707; 0.0
10708; 0.0
10709; 0.0
10710; 0.0
10711; 0.0
10712; 0.0
10713; 0.0
10714; 0.0
10715; 0.0
10716; 0.0
10717; 0.0
10718; 0.0
10719; 0.0
10720; 0.0
10721; 0.0
10722; 0.0
10723; 0.0
10724; 0.0
10725; 0.0
10726; 0.0
10727; 0.0
10728; 0.0
10729; 0.0
10730; 0.0
10731; 0.0
10732; 0.0
10733; 0.0
10734; 0.0
10735; 0.0
10736; 0.0
10737; 0.0
10738; 0.0
10739; 0.0
10740; 0.0
10741; 0.0
10742; 0.0
10743; 0.0
10744; 0.0
10745; 0.0
10746; 0.0
10747; 0.0
10748; 0.0
10749; 0.0
10750; 0.0
10751; 0.0
10752; 0.0
10753; 0.0
10754; 0.0
10755; 0.0
10756; 0.0
10757; 0.0
10758; 0.0
10759; 0.0
10760; 0.0
10761; 0.0
10762; 0.0
10763; 0.0
10764; 0.0
10765; 0.0
10766; 0.0
10767; 0.0
10768; 0.0
10769; 0.0
10770; 0.0
10771; 0.0
10772; 0.0
10773; 0.0
10774; 0.0
10775; 0.0
10776; 0.0
10777; 0.0
10778; 0.0
10779; 0.0
10780; 0.0
10781; 0.0
10782; 0.0
10783; 0.0
10784; 0.0
10785; 0.0
10786; 0.0
10787; 0.0
10788; 0.0
10789; 0.0
10790; 0.0
10791; 0.0
10792; 0.0
10793; 0.0
10794; 0.0
10795; 0.0
10796; 0.0
10797; 0.0
10798; 0.0
10799; 0.0
10800; 0.0
10801; 0.0
10802; 0.0
10803; 0.0
10804; 0.0
10805; 0.0
10806; 0.0
10807; 0.0
10808; 0.0
10809; 0.0
10810; 0.0
10811; 0.0
10812; 0.0
10813; 0.0
10814; 0.0
10815; 0.0
10816; 0.0
10817; 0.0
10818; 0.0
10819; 0.0
10820; 0.0
10821; 0.0
10822; 0.0
10823; 0.0
10824; 0.0
10825; 0.0
10826; 0.0
10827; 0.0
10828; 0.0
10829; 0.0
10830; 0.0
10831; 0.0
10832; 0.0
10833; 0.0
10834; 0.0
10835; 0.0
10836; 0.0
10837; 0.0
10838; 0.0
10839; 0.0
10840; 0.0
10841; 0.0
10842; 0.0
10843; 0.0
10844; 0.0
10845; 0.0
10846; 0.0
10847; 0.0
10848; 0.0
10849; 0.0
10850; 0.0
10851; 0.0
10852; 0.0
10853; 0.0
10854; 0.0
10855; 0.0
10856; 0.0
10857; 0.0
10858; 0.0
10859; 0.0
10860; 0.0
10861; 0.0
10862; 0.0
10863; 0.0
10864; 0.0
10865; 0.0
10866; 0.0
10867; 0.0
10868; 0.0
10869; 0.0
10870; 0.0
10871; 0.0
10872; 0.0
10873; 0.0
10874; 0.0
10875; 0.0
10876; 0.0
10877; 0.0
10878; 0.0
10879; 0.0
10880; 0.0
10881; 0.0
10882; 0.0
10883; 0.0
10884; 0.0
10885; 0.0
10886; 0.0
10887; 0.0
10888; 0.0
10889; 0.0
10890; 0.0
10891; 0.0
10892; 0.0
10893; 0.0
10894; 0.0
10895; 0.0
10896; 0.0
10897; 0.0
10898; 0.0
10899; 0.0
10900; 0.0
10901; 0.0
10902; 0.0
10903; 0.0
10904; 0.0
10905; 0.0
10906; 0.0
10907; 0.0
10908; 0.0
10909; 0.0
10910; 0.0
10911; 0.0
10912; 0.0
10913; 0.0
10914; 0.0
10915; 0.0
10916; 0.0
10917; 0.0
10918; 0.0
10919; 0.0
10920; 0.0
10921; 0.0
10922; 0.0
10923; 0.0
10924; 0.0
10925; 0.0
10926; 0.0
10927; 0.0
10928; 0.0
10929; 0.0
10930; 0.0
10931; 0.0
10932; 0.0
10933; 0.0
10934; 0.0
10935; 0.0
10936; 0.0
10937; 0.0
10938; 0.0
10939; 0.0
10940; 0.0
10941; 0.0
10942; 0.0
10943; 0.0
10944; 0.0
10945; 0.0
10946; 0.0
10947; 0.0
10948; 0.0
10949; 0.0
10950; 0.0
10951; 0.0
10952; 0.0
10953; 0.0
10954; 0.0
10955; 0.0
10956; 0.0
10957; 0.0
10958; 0.0
10959; 0.0
10960; 0.0
10961; 0.0
10962; 0.0
10963; 0.0
10964; 0.0
10965; 0.0
10966; 0.0
10967; 0.0
10968; 0.0
10969; 0.0
10970; 0.0
10971; 0.0
10972; 0.0
10973; 0.0
10974; 0.0
10975; 0.0
10976; 0.0
10977; 0.0
10978; 0.0
10979; 0.0
10980; 0.0
10981; 0.0
10982; 0.0
10983; 0.0
10984; 0.0
10985; 0.0
10986; 0.0
10987; 0.0
10988; 0.0
10989; 0.0
10990; 0.0
10991; 0.0
10992; 0.0
10993; 0.0
10994; 0.0
10995; 0.0
10996; 0.0
10997; 0.0
10998; 0.0
10999; 0.0
11000; 0.0
11001; 0.0
11002; 0.0
11003; 0.0
11004; 0.0
11005; 0.0
11006; 0.0
11007; 0.0
11008; 0.0
11009; 0.0
11010; 0.0
11011; 0.0
11012; 0.0
11013; 0.0
11014; 0.0
11015; 0.0
11016; 0.0
11017; 0.0
11018; 0.0
11019; 0.0
11020; 0.0
11021; 0.0
11022; 0.0
11023; 0.0
11024; 0.0
11025; 0.0
11026; 0.0
11027; 0.0
11028; 0.0
11029; 0.0
11030; 0.0
11031; 0.0
11032; 0.0
11033; 0.0
11034; 0.0
11035; 0.0
11036; 0.0
11037; 0.0
11038; 0.0
11039; 0.0
11040; 0.0
11041; 0.0
11042; 0.0
11043; 0.0
11044; 0.0
11045; 0.0
11046; 0.0
11047; 0.0
11048; 0.0
11049; 0.0
11050; 0.0
11051; 0.0
11052; 0.0
11053; 0.0
11054; 0.0
11055; 0.0
11056; 0.0
11057; 0.0
11058; 0.0
11059; 0.0
11060; 0.0
11061; 0.0
11062; 0.0
11063; 0.0
11064; 0.0
11065; 0.0
11066; 0.0
11067; 0.0
11068; 0.0
11069; 0.0
11070; 0.0
11071; 0.0
11072; 0.0
11073; 0.0
11074; 0.0
11075; 0.0
11076; 0.0
11077; 0.0
11078; 0.0
11079; 0.0
11080; 0.0
11081; 0.0
11082; 0.0
11083; 0.0
11084; 0.0
11085; 0.0
11086; 0.0
11087; 0.0
11088; 0.0
11089; 0.0
11090; 0.0
11091; 0.0
11092; 0.0
11093; 0.0
11094; 0.0
11095; 0.0
11096; 0.0
11097; 0.0
11098; 0.0
11099; 0.0
11100; 0.0
11101; 0.0
11102; 0.0
11103; 0.0
11104; 0.0
11105; 0.0
11106; 0.0
11107; 0.0
11108; 0.0
11109; 0.0
11110; 0.0
11111; 0.0
11112; 0.0
11113; 0.0
11114; 0.0
11115; 0.0
11116; 0.0
11117; 0.0
11118; 0.0
11119; 0.0
11120; 0.0
11121; 0.0
11122; 0.0
11123; 0.0
11124; 0.0
11125; 0.0
11126; 0.0
11127; 0.0
11128; 0.0
11129; 0.0
11130; 0.0
11131; 0.0
11132; 0.0
11133; 0.0
11134; 0.0
11135; 0.0
11136; 0.0
11137; 0.0
11138; 0.0
11139; 0.0
11140; 0.0
11141; 0.0
11142; 0.0
11143; 0.0
11144; 0.0
11145; 0.0
11146; 0.0
11147; 0.0
11148; 0.0
11149; 0.0
11150; 0.0
11151; 0.0
11152; 0.0
11153; 0.0
11154; 0.0
11155; 0.0
11156; 0.0
11157; 0.0
11158; 0.0
11159; 0.0
11160; 0.0
11161; 0.0
11162; 0.0
11163; 0.0
11164; 0.0
11165; 0.0
11166; 0.0
11167; 0.0
11168; 0.0
11169; 0.0
11170; 0.0
11171; 0.0
11172; 0.0
11173; 0.0
11174; 0.0
11175; 0.0
11176; 0.0
11177; 0.0
11178; 0.0
11179; 0.0
11180; 0.0
11181; 0.0
11182; 0.0
11183; 0.0
11184; 0.0
11185; 0.0
11186; 0.0
11187; 0.0
11188; 0.0
11189; 0.0
11190; 0.0
11191; 0.0
11192; 0.0
11193; 0.0
11194; 0.0
11195; 0.0
11196; 0.0
11197; 0.0
11198; 0.0
11199; 0.0
11200; 0.0
11201; 0.0
11202; 0.0
11203; 0.0
11204; 0.0
11205; 0.0
11206; 0.0
11207; 0.0
11208; 0.0
11209; 0.0
11210; 0.0
11211; 0.0
11212; 0.0
11213; 0.0
11214; 0.0
11215; 0.0
11216; 0.0
11217; 0.0
11218; 0.0
11219; 0.0
11220; 0.0
11221; 0.0
11222; 0.0
11223; 0.0
11224; 0.0
11225; 0.0
11226; 0.0
11227; 0.0
11228; 0.0
11229; 0.0
11230; 0.0
11231; 0.0
11232; 0.0
11233; 0.0
11234; 0.0
11235; 0.0
11236; 0.0
11237; 0.0
11238; 0.0
11239; 0.0
11240; 0.0
11241; 0.0
11242; 0.0
11243; 0.0
11244; 0.0
11245; 0.0
11246; 0.0
11247; 0.0
11248; 0.0
11249; 0.0
11250; 0.0
11251; 0.0
11252; 0.0
11253; 0.0
11254; 0.0
11255; 0.0
11256; 0.0
11257; 0.0
11258; 0.0
11259; 0.0
11260; 0.0
11261; 0.0
11262; 0.0
11263; 0.0
11264; 0.0
11265; 0.0
11266; 0.0
11267; 0.0
11268; 0.0
11269; 0.0
11270; 0.0
11271; 0.0
11272; 0.0
11273; 0.0
11274; 0.0
11275; 0.0
11276; 0.0
11277; 0.0
11278; 0.0
11279; 0.0
11280; 0.0
11281; 0.0
11282; 0.0
11283; 0.0
11284; 175.0
11285; 183.0
11286; 183.0
11287; 182.0
11288; 183.0
11289; 183.0
11290; 182.0
11291; 182.0
11292; 182.0
11293; 183.0
11294; 182.0
11295; 183.0
11296; 181.0
11297; 182.0
11298; 181.0
11299; 181.0
11300; 182.0
11301; 180.0
11302; 181.0
11303; 182.0
11304; 182.0
11305; 182.0
11306; 182.0
11307; 181.0
11308; 182.0
11309; 182.0
11310; 181.0
11311; 182.0
11312; 182.0
11313; 181.0
11314; 183.0
11315; 182.0
11316; 181.0
11317; 181.0
11318; 181.0
11319; 180.0
11320; 181.0
11321; 181.0
11322; 181.0
11323; 181.0
11324; 182.0
11325; 181.0
11326; 181.0
11327; 182.0
11328; 181.0
11329; 182.0
11330; 181.0
11331; 182.0
11332; 181.0
11333; 183.0
11334; 182.0
11335; 181.0
11336; 181.0
11337; 181.0
11338; 181.0
11339; 182.0
11340; 181.0
11341; 183.0
11342; 182.0
11343; 181.0
11344; 182.0
11345; 181.0
11346; 181.0
11347; 181.0
11348; 181.0
11349; 180.0
11350; 181.0
11351; 180.0
11352; 181.0
11353; 180.0
11354; 180.0
11355; 180.0
11356; 180.0
11357; 181.0
11358; 180.0
11359; 181.0
11360; 181.0
11361; 181.0
11362; 182.0
11363; 181.0
11364; 181.0
11365; 182.0
11366; 181.0
11367; 182.0
11368; 181.0
11369; 182.0
11370; 181.0
11371; 181.0
11372; 181.0
11373; 181.0
11374; 181.0
11375; 182.0
11376; 180.0
11377; 178.0
11378; 181.0
11379; 181.0
11380; 182.0
11381; 181.0
11382; 180.0
11383; 181.0
11384; 182.0
11385; 181.0
11386; 180.0
11387; 181.0
11388; 180.0
11389; 181.0
11390; 182.0
11391; 181.0
11392; 180.0
11393; 180.0
11394; 181.0
11395; 180.0
11396; 181.0
11397; 180.0
11398; 180.0
11399; 181.0
11400; 181.0
11401; 180.0
11402; 180.0
11403; 181.0
11404; 181.0
11405; 181.0
11406; 182.0
11407; 180.0
11408; 182.0
11409; 181.0
11410; 181.0
11411; 182.0
11412; 181.0
11413; 181.0
11414; 181.0
11415; 180.0
11416; 181.0
11417; 181.0
11418; 181.0
11419; 181.0
11420; 181.0
11421; 181.0
11422; 180.0
11423; 180.0
11424; 181.0
11425; 181.0
11426; 181.0
11427; 181.0
11428; 181.0
11429; 181.0
11430; 181.0
11431; 180.0
11432; 181.0
11433; 181.0
11434; 180.0
11435; 182.0
11436; 182.0
11437; 181.0
11438; 181.0
11439; 180.0
11440; 180.0
11441; 181.0
11442; 181.0
11443; 180.0
11444; 181.0
11445; 180.0
11446; 181.0
11447; 181.0
11448; 180.0
11449; 182.0
11450; 182.0
11451; 178.0
11452; 181.0
11453; 181.0
11454; 181.0
11455; 180.0
11456; 181.0
11457; 182.0
11458; 181.0
11459; 180.0
11460; 180.0
11461; 180.0
11462; 183.0
11463; 180.0
11464; 181.0
11465; 180.0
11466; 181.0
11467; 181.0
11468; 181.0
11469; 181.0
11470; 181.0
11471; 181.0
11472; 180.0
11473; 181.0
11474; 180.0
11475; 180.0
11476; 180.0
11477; 181.0
11478; 181.0
11479; 181.0
11480; 182.0
11481; 181.0
11482; 182.0
11483; 181.0
11484; 180.0
11485; 182.0
11486; 180.0
11487; 181.0
11488; 181.0
11489; 182.0
11490; 181.0
11491; 180.0
11492; 181.0
11493; 181.0
11494; 181.0
11495; 180.0
11496; 180.0
11497; 180.0
11498; 181.0
11499; 182.0
11500; 181.0
11501; 181.0
11502; 182.0
11503; 182.0
11504; 180.0
11505; 181.0
11506; 182.0
11507; 181.0
11508; 181.0
11509; 181.0
11510; 181.0
11511; 182.0
11512; 181.0
11513; 181.0
11514; 181.0
11515; 181.0
11516; 180.0
11517; 181.0
11518; 181.0
11519; 180.0
11520; 181.0
11521; 180.0
11522; 181.0
11523; 180.0
11524; 182.0
11525; 181.0
11526; 180.0
11527; 181.0
11528; 180.0
11529; 180.0
11530; 182.0
11531; 180.0
11532; 181.0
11533; 182.0
11534; 181.0
11535; 181.0
11536; 180.0
11537; 181.0
11538; 180.0
11539; 181.0
11540; 181.0
11541; 180.0
11542; 181.0
11543; 181.0
11544; 182.0
11545; 182.0
11546; 180.0
11547; 180.0
11548; 181.0
11549; 180.0
11550; 181.0
11551; 182.0
11552; 180.0
11553; 181.0
11554; 180.0
11555; 180.0
11556; 181.0
11557; 181.0
11558; 182.0
11559; 180.0
11560; 181.0
11561; 181.0
11562; 178.0
11563; 181.0
11564; 181.0
11565; 180.0
11566; 181.0
11567; 181.0
11568; 181.0
11569; 180.0
11570; 181.0
11571; 181.0
11572; 181.0
11573; 181.0
11574; 178.0
11575; 181.0
11576; 181.0
11577; 180.0
11578; 182.0
11579; 180.0
11580; 180.0
11581; 182.0
11582; 181.0
11583; 181.0
11584; 181.0
11585; 181.0
11586; 181.0
11587; 180.0
11588; 181.0
11589; 181.0
11590; 180.0
11591; 181.0
11592; 181.0
11593; 181.0
11594; 180.0
11595; 180.0
11596; 181.0
11597; 180.0
11598; 181.0
11599; 180.0
11600; 180.0
11601; 180.0
11602; 181.0
11603; 181.0
11604; 181.0
11605; 181.0
11606; 179.0
11607; 180.0
11608; 180.0
11609; 181.0
11610; 182.0
11611; 180.0
11612; 182.0
11613; 181.0
11614; 180.0
11615; 181.0
11616; 181.0
11617; 182.0
11618; 181.0
11619; 181.0
11620; 181.0
11621; 180.0
11622; 182.0
11623; 180.0
11624; 180.0
11625; 182.0
11626; 181.0
11627; 181.0
11628; 181.0
11629; 181.0
11630; 181.0
11631; 181.0
11632; 181.0
11633; 178.0
11634; 180.0
11635; 180.0
11636; 182.0
11637; 182.0
11638; 182.0
11639; 181.0
11640; 181.0
11641; 182.0
11642; 180.0
11643; 181.0
11644; 181.0
11645; 180.0
11646; 181.0
11647; 181.0
11648; 181.0
11649; 181.0
11650; 181.0
11651; 182.0
11652; 180.0
11653; 181.0
11654; 180.0
11655; 178.0
11656; 181.0
11657; 181.0
11658; 181.0
11659; 181.0
11660; 180.0
11661; 181.0
11662; 180.0
11663; 182.0
11664; 181.0
11665; 180.0
11666; 181.0
11667; 180.0
11668; 181.0
11669; 181.0
11670; 181.0
11671; 181.0
11672; 181.0
11673; 180.0
11674; 180.0
11675; 181.0
11676; 181.0
11677; 181.0
11678; 181.0
11679; 181.0
11680; 180.0
11681; 181.0
11682; 182.0
11683; 181.0
11684; 180.0
11685; 180.0
11686; 180.0
11687; 181.0
11688; 182.0
11689; 181.0
11690; 181.0
11691; 181.0
11692; 180.0
11693; 178.0
11694; 181.0
11695; 180.0
11696; 181.0
11697; 181.0
11698; 181.0
11699; 180.0
11700; 181.0
11701; 181.0
11702; 180.0
11703; 181.0
11704; 181.0
11705; 181.0
11706; 180.0
11707; 180.0
11708; 180.0
11709; 181.0
11710; 181.0
11711; 180.0
11712; 180.0
11713; 180.0
11714; 181.0
11715; 180.0
11716; 181.0
11717; 180.0
11718; 181.0
11719; 180.0
11720; 180.0
11721; 180.0
11722; 181.0
11723; 181.0
11724; 180.0
11725; 181.0
11726; 181.0
11727; 180.0
11728; 180.0
11729; 180.0
11730; 181.0
11731; 181.0
11732; 181.0
11733; 181.0
11734; 180.0
11735; 182.0
11736; 180.0
11737; 180.0
11738; 180.0
11739; 180.0
11740; 181.0
11741; 180.0
11742; 180.0
11743; 180.0
11744; 180.0
11745; 180.0
11746; 180.0
11747; 180.0
11748; 180.0
11749; 182.0
11750; 181.0
11751; 180.0
11752; 181.0
11753; 180.0
11754; 180.0
11755; 181.0
11756; 181.0
11757; 181.0
11758; 180.0
11759; 181.0
11760; 182.0
11761; 182.0
11762; 180.0
11763; 180.0
11764; 181.0
11765; 180.0
11766; 181.0
11767; 180.0
11768; 180.0
11769; 180.0
11770; 180.0
11771; 181.0
11772; 182.0
11773; 181.0
11774; 180.0
11775; 181.0
11776; 180.0
11777; 181.0
11778; 180.0
11779; 181.0
11780; 182.0
11781; 180.0
11782; 182.0
11783; 181.0
11784; 178.0
11785; 181.0
11786; 179.0
11787; 180.0
11788; 180.0
11789; 181.0
11790; 182.0
11791; 181.0
11792; 180.0
11793; 180.0
11794; 181.0
11795; 181.0
11796; 180.0
11797; 181.0
11798; 181.0
11799; 178.0
11800; 178.0
11801; 164.0
11802; 0.0
11803; 0.0
11804; 0.0
11805; 0.0
11806; 0.0
11807; 0.0
11808; 0.0
11809; 0.0
11810; 0.0
