7000;23.8500003815
7001;23.8400001526
7002;23.8400001526
7003;23.8400001526
7004;23.8400001526
7005;23.8400001526
7006;23.8400001526
7007;23.8400001526
7008;23.8400001526
7009;23.8400001526
7010;23.8400001526
7011;23.8400001526
7012;23.8400001526
7013;23.8400001526
7014;23.8400001526
7015;23.8400001526
7016;23.8400001526
7017;23.8299999237
7018;23.8299999237
7019;23.8299999237
7020;23.8299999237
7021;23.8299999237
7022;23.8299999237
7023;23.8299999237
7024;23.8299999237
7025;23.8299999237
7026;23.8099994659
7027;23.8099994659
7028;23.8099994659
7029;23.8099994659
7030;23.8099994659
7031;23.8099994659
7032;23.8099994659
7033;23.8099994659
7034;23.8099994659
7035;23.8099994659
7036;23.7899990082
7037;23.7899990082
7038;23.7899990082
7039;23.7899990082
7040;23.7899990082
7041;23.7899990082
7042;23.7899990082
7043;23.7899990082
7044;23.7899990082
7045;23.7899990082
7046;23.7799987793
7047;23.7799987793
7048;23.7799987793
7049;23.7799987793
7050;23.7799987793
7051;23.7799987793
7052;23.7799987793
7053;23.7799987793
7054;23.7799987793
7055;23.7799987793
7056;23.7600002289
7057;23.7600002289
7058;23.7600002289
7059;23.7600002289
7060;23.7600002289
7061;23.7600002289
7062;23.7600002289
7063;23.7600002289
7064;23.7600002289
7065;23.7600002289
7066;23.7600002289
7067;23.7600002289
7068;23.7600002289
7069;23.7600002289
7070;23.7600002289
7071;23.7600002289
7072;23.7600002289
7073;23.7600002289
7074;23.7600002289
7075;23.7600002289
7076;23.9200000763
7077;23.9200000763
7078;23.9200000763
7079;23.9200000763
7080;23.9200000763
7081;23.9200000763
7082;23.9200000763
7083;23.9200000763
7084;23.9200000763
7085;24.4300003052
7086;24.4300003052
7087;24.4300003052
7088;24.4300003052
7089;24.4300003052
7090;24.4300003052
7091;24.4300003052
7092;24.4300003052
7093;24.4300003052
7094;24.4300003052
7095;24.7399997711
7096;24.7399997711
7097;24.7399997711
7098;24.7399997711
7099;24.7399997711
7100;24.7399997711
7101;24.7399997711
7102;24.7399997711
7103;24.7399997711
7104;24.7399997711
7105;24.8599987030
7106;24.8599987030
7107;24.8599987030
7108;24.8599987030
7109;24.8599987030
7110;24.8599987030
7111;24.8599987030
7112;24.8599987030
7113;24.8599987030
7114;24.8599987030
7115;24.9499988556
7116;24.9499988556
7117;24.9499988556
7118;24.9499988556
7119;24.9499988556
7120;24.9499988556
7121;24.9499988556
7122;24.9499988556
7123;24.9499988556
7124;24.9499988556
7125;25.0000000000
7126;25.0000000000
7127;25.0000000000
7128;25.0000000000
7129;25.0000000000
7130;25.0000000000
7131;25.0000000000
7132;25.0000000000
7133;25.0000000000
7134;25.0000000000
7135;25.0499992371
7136;25.0499992371
7137;25.0499992371
7138;25.0499992371
7139;25.0499992371
7140;25.0499992371
7141;25.0499992371
7142;25.0499992371
7143;25.0499992371
7144;25.0499992371
7145;25.0599994659
7146;25.0599994659
7147;25.0599994659
7148;25.0599994659
7149;25.0599994659
7150;25.0599994659
7151;25.0599994659
7152;25.0599994659
7153;25.0599994659
7154;25.0299987793
7155;25.0299987793
7156;25.0299987793
7157;25.0299987793
7158;25.0299987793
7159;25.0299987793
7160;25.0299987793
7161;25.0299987793
7162;25.0299987793
7163;25.0299987793
7164;25.0299987793
7165;25.0299987793
7166;25.0299987793
7167;25.0299987793
7168;25.0299987793
7169;25.0299987793
7170;25.0299987793
7171;25.0299987793
7172;25.0299987793
7173;25.0299987793
7174;25.0299987793
7175;25.0299987793
7176;25.0299987793
7177;25.0299987793
7178;25.0299987793
7179;25.0299987793
7180;25.0299987793
7181;25.0299987793
7182;25.0299987793
7183;25.0299987793
7184;25.0299987793
7185;25.0299987793
7186;25.0299987793
7187;25.0299987793
7188;25.0299987793
7189;25.0299987793
7190;25.0299987793
7191;25.0299987793
7192;25.0299987793
7193;25.0299987793
7194;25.0100002289
7195;25.0100002289
7196;25.0100002289
7197;25.0100002289
7198;25.0100002289
7199;25.0100002289
7200;25.0100002289
7201;25.0100002289
7202;25.0100002289
7203;25.0100002289
7204;25.0000000000
7205;25.0000000000
7206;25.0000000000
7207;25.0000000000
7208;25.0000000000
7209;25.0000000000
7210;25.0000000000
7211;25.0000000000
7212;25.0000000000
7213;24.9799995422
7214;24.9799995422
7215;24.9799995422
7216;24.9799995422
7217;24.9799995422
7218;24.9799995422
7219;24.9799995422
7220;24.9799995422
7221;24.9799995422
7222;24.9799995422
7223;24.9699993134
7224;24.9699993134
7225;24.9699993134
7226;24.9699993134
7227;24.9699993134
7228;24.9699993134
7229;24.9699993134
7230;24.9699993134
7231;24.9699993134
7232;24.9699993134
7233;24.9899997711
7234;24.9899997711
7235;24.9899997711
7236;24.9899997711
7237;24.9899997711
7238;24.9899997711
7239;24.9899997711
7240;24.9899997711
7241;24.9899997711
7242;24.9899997711
7243;24.9499988556
7244;24.9499988556
7245;24.9499988556
7246;24.9499988556
7247;24.9499988556
7248;24.9499988556
7249;24.9499988556
7250;24.9499988556
7251;24.9499988556
7252;24.9499988556
7253;24.9300003052
7254;24.9300003052
7255;24.9300003052
7256;24.9300003052
7257;24.9300003052
7258;24.9300003052
7259;24.9300003052
7260;24.9300003052
7261;24.9300003052
7262;24.9300003052
7263;24.9399986267
7264;24.9399986267
7265;24.9399986267
7266;24.9399986267
7267;24.9399986267
7268;24.9399986267
7269;24.9399986267
7270;24.9399986267
7271;24.9399986267
7272;24.9399986267
7273;24.9399986267
7274;24.9399986267
7275;24.9399986267
7276;24.9399986267
7277;24.9399986267
7278;24.9399986267
7279;24.9300003052
7280;24.9300003052
7281;24.9300003052
7282;24.9300003052
7283;24.9300003052
7284;24.9300003052
7285;24.9300003052
7286;24.9300003052
7287;24.9300003052
7288;24.9099998474
7289;24.9099998474
7290;24.9099998474
7291;24.9099998474
7292;24.9099998474
7293;24.9099998474
7294;24.9099998474
7295;24.9099998474
7296;24.9099998474
7297;24.9099998474
7298;24.9599990845
7299;24.9599990845
7300;24.9599990845
7301;24.9599990845
7302;24.9599990845
7303;24.9599990845
7304;24.9599990845
7305;24.9599990845
7306;24.9599990845
7307;24.9599990845
7308;24.9399986267
7309;24.9399986267
7310;24.9399986267
7311;24.9399986267
7312;24.9399986267
7313;24.9399986267
7314;24.9399986267
7315;24.9399986267
7316;24.9399986267
7317;24.9399986267
7318;24.9099998474
7319;24.9099998474
7320;24.9099998474
7321;24.9099998474
7322;24.9099998474
7323;24.9099998474
7324;24.9099998474
7325;24.9099998474
7326;24.9099998474
7327;24.9099998474
7328;24.8999996185
7329;24.8999996185
7330;24.8999996185
7331;24.8999996185
7332;24.8999996185
7333;24.8999996185
7334;24.8999996185
7335;24.8999996185
7336;24.8999996185
7337;24.8999996185
7338;24.8899993896
7339;24.8899993896
7340;24.8899993896
7341;24.8899993896
7342;24.8899993896
7343;24.8899993896
7344;24.8899993896
7345;24.8899993896
7346;24.8899993896
7347;42.3600006104
7348;42.3600006104
7349;42.3600006104
7350;42.2700004578
7351;42.2700004578
7352;42.2700004578
7353;42.2299995422
7354;42.2299995422
7355;42.2299995422
7356;42.7900009155
7357;42.2399978638
7358;42.2399978638
7359;42.2399978638
7360;42.8600006104
7361;42.8600006104
7362;42.8600006104
7363;42.5299987793
7364;42.5299987793
7365;42.5299987793
7366;42.7599983215
7367;42.2500000000
7368;42.2500000000
7369;42.3499984741
7370;42.3499984741
7371;42.3499984741
7372;42.5999984741
7373;42.5999984741
7374;42.5999984741
7375;42.5999984741
7376;42.4300003052
7377;42.3099975586
7378;42.3099975586
7379;42.3899993896
7380;42.3899993896
7381;42.3899993896
7382;42.4599990845
7383;42.4599990845
7384;42.4599990845
7385;42.3600006104
7386;42.3600006104
7387;42.3299980164
7388;42.3299980164
7389;42.3699989319
7390;42.3699989319
7391;42.3699989319
7392;42.4899978638
7393;42.4899978638
7394;42.4899978638
7395;42.3699989319
7396;42.3699989319
7397;42.3499984741
7398;42.3600006104
7399;42.3600006104
7400;42.3600006104
7401;42.4699974060
7402;42.4699974060
7403;42.4699974060
7404;42.4699974060
7405;42.3799972534
7406;42.3799972534
7407;42.3099975586
7408;42.3199996948
7409;42.3199996948
7410;42.3199996948
7411;42.4199981689
7412;42.4199981689
7413;42.4199981689
7414;42.3499984741
7415;42.3499984741
7416;42.3099975586
7417;42.2999992371
7418;42.2999992371
7419;42.2999992371
7420;42.2999992371
7421;42.3600006104
7422;42.3600006104
7423;42.3600006104
7424;42.3099975586
7425;42.3099975586
7426;42.3999977112
7427;42.4699974060
7428;42.4699974060
7429;42.4699974060
7430;42.3199996948
7431;42.3199996948
7432;42.3199996948
7433;42.3199996948
7434;42.2799987793
7435;42.2799987793
7436;42.2299995422
7437;42.2000007629
7438;42.2000007629
7439;42.2000007629
7440;42.5999984741
7441;42.5999984741
7442;42.5999984741
7443;42.2700004578
7444;42.2700004578
7445;42.2700004578
7446;42.2000007629
7447;42.1899986267
7448;42.1899986267
7449;42.1899986267
7450;42.5900001526
7451;42.5900001526
7452;42.5900001526
7453;42.3400001526
7454;42.3400001526
7455;42.3400001526
7456;42.2099990845
7457;42.2099990845
7458;42.2099990845
7459;42.5900001526
7460;42.5900001526
7461;42.5900001526
7462;42.5900001526
7463;42.2500000000
7464;42.2500000000
7465;42.2500000000
7466;42.5299987793
7467;42.5299987793
7468;42.5299987793
7469;42.6199989319
7470;42.6199989319
7471;42.6199989319
7472;42.6199989319
7473;42.6199989319
7474;42.6199989319
7475;42.5599975586
7476;42.5599975586
7477;42.5599975586
7478;42.5599975586
7479;42.2700004578
7480;42.2700004578
7481;42.2700004578
7482;42.2000007629
7483;42.2000007629
7484;42.2000007629
7485;42.2700004578
7486;42.2700004578
7487;42.2700004578
7488;42.3499984741
7489;42.3499984741
7490;42.3499984741
7491;42.3499984741
7492;42.0499992371
7493;42.0499992371
7494;42.0499992371
7495;42.8999977112
7496;42.8999977112
7497;42.8999977112
7498;42.6100006104
7499;42.6100006104
7500;42.6100006104
7501;42.5799980164
7502;42.5799980164
7503;42.5799980164
7504;42.5799980164
7505;42.6100006104
7506;42.6100006104
7507;42.6100006104
7508;42.7299995422
7509;42.7299995422
7510;42.7299995422
7511;41.9899978638
7512;41.9899978638
7513;41.9899978638
7514;42.1800003052
7515;42.2000007629
7516;42.2000007629
7517;42.2000007629
7518;42.3799972534
7519;42.3799972534
7520;42.3799972534
7521;42.3299980164
7522;42.3299980164
7523;42.3299980164
7524;42.2999992371
7525;42.2999992371
7526;42.2999992371
7527;42.3999977112
7528;42.3999977112
7529;42.3999977112
7530;42.3999977112
7531;42.3099975586
7532;42.3099975586
7533;42.3099975586
7534;42.3199996948
7535;42.3199996948
7536;42.3199996948
7537;42.4199981689
7538;42.4199981689
7539;42.4199981689
7540;42.3799972534
7541;42.3799972534
7542;42.3799972534
7543;42.3799972534
7544;43.3600006104
7545;43.3600006104
7546;43.3600006104
7547;42.2099990845
7548;42.2099990845
7549;42.2099990845
7550;42.3099975586
7551;42.3099975586
7552;42.3099975586
7553;42.2500000000
7554;42.2500000000
7555;42.2500000000
7556;42.2900009155
7557;42.2900009155
7558;42.2900009155
7559;42.2900009155
7560;42.2500000000
7561;42.2500000000
7562;42.2500000000
7563;42.1800003052
7564;42.1800003052
7565;42.1800003052
7566;42.9300003052
7567;42.9300003052
7568;42.9300003052
7569;42.4500007629
7570;42.6899986267
7571;42.6899986267
7572;42.6899986267
7573;42.0900001526
7574;42.0900001526
7575;42.0900001526
7576;42.4699974060
7577;42.4699974060
7578;42.4699974060
7579;42.0599975586
7580;42.4300003052
7581;42.4300003052
7582;42.2199974060
7583;42.2199974060
7584;42.2199974060
7585;42.2199974060
7586;42.7099990845
7587;42.7099990845
7588;42.7099990845
7589;42.0599975586
7590;42.0599975586
7591;42.0599975586
7592;42.3600006104
7593;42.3600006104
7594;42.3600006104
7595;42.2599983215
7596;42.2599983215
7597;42.2599983215
7598;42.0699996948
7599;42.1399993896
7600;42.1399993896
7601;42.1399993896
7602;41.9799995422
7603;41.9799995422
7604;41.9799995422
7605;42.2799987793
7606;42.2799987793
7607;42.2799987793
7608;42.2099990845
7609;42.2099990845
7610;42.2099990845
7611;42.2099990845
7612;42.8899993896
7613;42.8899993896
7614;42.8899993896
7615;42.2299995422
7616;42.2299995422
7617;42.2299995422
7618;42.2099990845
7619;42.1800003052
7620;42.1800003052
7621;42.1899986267
7622;42.1899986267
7623;42.1899986267
7624;42.1899986267
7625;42.7399978638
7626;42.7399978638
7627;42.7399978638
7628;42.1499977112
7629;42.2399978638
7630;42.2399978638
7631;42.2599983215
7632;42.2599983215
7633;42.2599983215
7634;42.3299980164
7635;42.3299980164
7636;42.3299980164
7637;42.3299980164
7638;42.8799972534
7639;42.8199996948
7640;42.8199996948
7641;42.2700004578
7642;42.2700004578
7643;42.2700004578
7644;42.3499984741
7645;42.3499984741
7646;42.3499984741
7647;42.2500000000
7648;42.2500000000
7649;42.8600006104
7650;42.8600006104
7651;42.2700004578
7652;42.2700004578
7653;42.2700004578
7654;42.9599990845
7655;42.9599990845
7656;42.9599990845
7657;42.2000007629
7658;42.1899986267
7659;42.1899986267
7660;42.2399978638
7661;42.2399978638
7662;42.2399978638
7663;42.2399978638
7664;42.2700004578
7665;42.2700004578
7666;42.2700004578
7667;42.1800003052
7668;42.4799995422
7669;42.4799995422
7670;42.0599975586
7671;42.0599975586
7672;42.0599975586
7673;42.2799987793
7674;42.2799987793
7675;42.2799987793
7676;42.2799987793
7677;42.0799980164
7678;42.0900001526
7679;42.0900001526
7680;43.0799980164
7681;43.0799980164
7682;43.0799980164
7683;42.2000007629
7684;42.2000007629
7685;42.2000007629
7686;42.1699981689
7687;42.1699981689
7688;42.3799972534
7689;42.3799972534
7690;42.1899986267
7691;42.1899986267
7692;42.1899986267
7693;42.1800003052
7694;42.1800003052
7695;42.1800003052
7696;42.5099983215
7697;42.5099983215
7698;42.5499992371
7699;42.7599983215
7700;42.7599983215
7701;42.7599983215
7702;42.7599983215
7703;42.1899986267
7704;42.1899986267
7705;42.1899986267
7706;42.3199996948
7707;42.3199996948
7708;42.1100006104
7709;41.7799987793
7710;41.7799987793
7711;41.7799987793
7712;41.8899993896
7713;41.8899993896
7714;41.8899993896
7715;41.8899993896
7716;42.5400009155
7717;42.0799980164
7718;42.0799980164
7719;42.9099998474
7720;42.9099998474
7721;42.9099998474
7722;42.6899986267
7723;42.6899986267
7724;42.6899986267
7725;42.7599983215
7726;42.7599983215
7727;41.9300003052
7728;41.9300003052
7729;42.1100006104
7730;42.1100006104
7731;42.1100006104
7732;42.8199996948
7733;42.8199996948
7734;42.8199996948
7735;42.6100006104
7736;42.6100006104
7737;42.6800003052
7738;42.2500000000
7739;42.2500000000
7740;42.2500000000
7741;42.2500000000
7742;42.7000007629
7743;42.7000007629
7744;42.7000007629
7745;42.7599983215
7746;42.7599983215
7747;42.3199996948
7748;41.9199981689
7749;41.9199981689
7750;41.9199981689
7751;41.9199981689
7752;42.4500007629
7753;42.4500007629
7754;42.4500007629
7755;42.6199989319
7756;42.6199989319
7757;42.1800003052
7758;41.9599990845
7759;41.9599990845
7760;41.9599990845
7761;42.4500007629
7762;42.4500007629
7763;42.4500007629
7764;42.4500007629
7765;42.3799972534
7766;42.3799972534
7767;42.3699989319
7768;42.3199996948
7769;42.3199996948
7770;42.3199996948
7771;42.2099990845
7772;42.2099990845
7773;42.2299995422
7774;42.2500000000
7775;42.2500000000
7776;42.2500000000
7777;42.2500000000
7778;42.3400001526
7779;42.3400001526
7780;42.3400001526
7781;42.4199981689
7782;42.4199981689
7783;42.4199981689
7784;42.4099998474
7785;42.4099998474
7786;42.4099998474
7787;42.5099983215
7788;42.5099983215
7789;42.5099983215
7790;42.5099983215
7791;42.5499992371
7792;42.5599975586
7793;42.5599975586
7794;42.5499992371
7795;42.5499992371
7796;42.5499992371
7797;42.5000000000
7798;42.5000000000
7799;42.5000000000
7800;42.5000000000
7801;42.5000000000
7802;42.4899978638
7803;42.4899978638
7804;42.4599990845
7805;42.4599990845
7806;42.4599990845
7807;42.5299987793
7808;42.5299987793
7809;42.5299987793
7810;42.5200004578
7811;42.5200004578
7812;42.4300003052
7813;42.4300003052
7814;42.3799972534
7815;42.3799972534
7816;42.3799972534
7817;42.4199981689
7818;42.4199981689
7819;42.4199981689
7820;42.3499984741
7821;42.3499984741
7822;42.2900009155
7823;42.2500000000
7824;42.2500000000
7825;42.2500000000
7826;42.2500000000
7827;42.3299980164
7828;42.3299980164
7829;42.3299980164
7830;42.4399986267
7831;42.4399986267
7832;42.6399993896
7833;42.3099975586
7834;42.3099975586
7835;42.3099975586
7836;42.3099975586
7837;42.3299980164
7838;42.3299980164
7839;42.3299980164
7840;42.3099975586
7841;42.2500000000
7842;42.2500000000
7843;42.3199996948
7844;42.3199996948
7845;42.3199996948
7846;42.3299980164
7847;42.3299980164
7848;42.3299980164
7849;42.3299980164
7850;42.4699974060
7851;42.3999977112
7852;42.3999977112
7853;42.3099975586
7854;42.3099975586
7855;42.3099975586
7856;42.3600006104
7857;42.3600006104
7858;42.3600006104
7859;42.3799972534
7860;42.3799972534
7861;42.2799987793
7862;42.2799987793
7863;42.1599998474
7864;42.1599998474
7865;42.1599998474
7866;42.7199974060
7867;42.7199974060
7868;42.7199974060
7869;42.2399978638
7870;42.2399978638
7871;41.8600006104
7872;41.8600006104
7873;42.3099975586
7874;42.3099975586
7875;42.3099975586
7876;42.2799987793
7877;42.2799987793
7878;42.2799987793
7879;42.2799987793
7880;42.2799987793
7881;42.1599998474
7882;42.5599975586
7883;42.5599975586
7884;42.5599975586
7885;42.5599975586
7886;42.4799995422
7887;42.4799995422
7888;42.4799995422
7889;42.6899986267
7890;42.6899986267
7891;42.6699981689
7892;42.1699981689
7893;42.1699981689
7894;42.1699981689
7895;42.1699981689
7896;42.5499992371
7897;42.5499992371
7898;42.5499992371
7899;42.5799980164
7900;42.5799980164
7901;42.2299995422
7902;42.3499984741
7903;42.3499984741
7904;42.3499984741
7905;42.5999984741
7906;42.5999984741
7907;42.5999984741
7908;42.5999984741
7909;42.2199974060
7910;42.2199974060
7911;42.3899993896
7912;42.3299980164
7913;42.3299980164
7914;42.3299980164
7915;42.3600006104
7916;42.3600006104
7917;42.3600006104
7918;42.3600006104
7919;42.8600006104
7920;42.3099975586
7921;42.3099975586
7922;41.7900009155
7923;41.7900009155
7924;41.7900009155
7925;42.7000007629
7926;42.7000007629
7927;42.7000007629
7928;42.6599998474
7929;42.6599998474
7930;42.1800003052
7931;42.1800003052
7932;42.1299972534
7933;42.1299972534
7934;42.1299972534
7935;42.1299972534
7936;42.1299972534
7937;42.1299972534
7938;42.1299972534
7939;42.1299972534
7940;39.6299972534
7941;39.6299972534
7942;39.6299972534
7943;39.6299972534
7944;39.6299972534
7945;39.6299972534
7946;39.6299972534
7947;39.6299972534
7948;39.6299972534
7949;39.6299972534
7950;35.6699981689
7951;35.6699981689
7952;35.6699981689
7953;35.6699981689
7954;35.6699981689
7955;35.6699981689
7956;35.6699981689
7957;35.6699981689
7958;35.6699981689
7959;35.6699981689
7960;33.0000000000
7961;33.0000000000
7962;33.0000000000
7963;33.0000000000
7964;33.0000000000
7965;33.0000000000
7966;33.0000000000
7967;33.0000000000
7968;33.0000000000
7969;33.0000000000
7970;31.3799991608
7971;31.3799991608
7972;31.3799991608
7973;31.3799991608
7974;31.3799991608
7975;31.3799991608
7976;31.3799991608
7977;31.3799991608
7978;31.3799991608
7979;30.3999996185
7980;30.3999996185
7981;30.3999996185
7982;30.3999996185
7983;30.3999996185
7984;30.3999996185
7985;30.3999996185
7986;30.3999996185
7987;30.3999996185
7988;30.3999996185
7989;29.7899990082
7990;29.7899990082
7991;29.7899990082
7992;29.7899990082
7993;29.7899990082
7994;29.7899990082
7995;29.7899990082
7996;29.7899990082
7997;29.7899990082
7998;29.7899990082
7999;29.3599987030
8000;29.3599987030
8001;29.3599987030
8002;29.3599987030
8003;29.3599987030
8004;29.3599987030
8005;29.3599987030
8006;29.3599987030
8007;29.3599987030
8008;29.3599987030
8009;29.0199985504
8010;29.0199985504
8011;29.0199985504
8012;29.0199985504
8013;29.0199985504
8014;29.0199985504
8015;29.0199985504
8016;29.0199985504
8017;29.0199985504
8018;29.0199985504
8019;28.7399997711
8020;28.7399997711
8021;28.7399997711
8022;28.7399997711
8023;28.7399997711
8024;28.7399997711
8025;28.5900001526
8026;28.5900001526
8027;28.5900001526
8028;28.5900001526
8029;28.5900001526
8030;28.5900001526
8031;28.5900001526
8032;28.5900001526
8033;28.5900001526
8034;28.5900001526
8035;28.3899993896
8036;28.3899993896
8037;28.3899993896
8038;28.3899993896
8039;28.3899993896
8040;28.3899993896
8041;28.3899993896
8042;28.3899993896
8043;28.3899993896
8044;28.1999988556
8045;28.1999988556
8046;28.1999988556
8047;28.1999988556
8048;28.1999988556
8049;28.1999988556
8050;28.1999988556
8051;28.1999988556
8052;28.1999988556
8053;28.1999988556
8054;28.0499992371
8055;28.0499992371
8056;28.0499992371
8057;28.0499992371
8058;28.0499992371
8059;28.0499992371
8060;28.0499992371
8061;28.0499992371
8062;28.0499992371
8063;28.0499992371
8064;27.8999996185
8065;27.8999996185
8066;27.8999996185
8067;27.8999996185
8068;27.8999996185
8069;27.8999996185
8070;27.8999996185
8071;27.8999996185
8072;27.8999996185
8073;27.8999996185
8074;27.7500000000
8075;27.7500000000
8076;27.7500000000
8077;27.7500000000
8078;27.7500000000
8079;27.7500000000
8080;27.7500000000
8081;27.7500000000
8082;27.7500000000
8083;27.7500000000
8084;27.5999984741
8085;27.5999984741
8086;27.5999984741
8087;27.5999984741
8088;27.5999984741
8089;27.5999984741
8090;27.5999984741
8091;27.5999984741
8092;27.5999984741
8093;27.5999984741
8094;27.4300003052
8095;27.4300003052
8096;27.4300003052
8097;27.4300003052
8098;27.4300003052
8099;27.4300003052
8100;27.4300003052
8101;27.4300003052
8102;27.4300003052
8103;27.2999992371
8104;27.2999992371
8105;27.2999992371
8106;27.2999992371
8107;27.2999992371
8108;27.2999992371
8109;27.2999992371
8110;27.2999992371
8111;27.2999992371
8112;27.2999992371
8113;27.1899986267
8114;27.1899986267
8115;27.1899986267
8116;27.1899986267
8117;27.1899986267
8118;27.1899986267
8119;27.1899986267
8120;27.1899986267
8121;27.1899986267
8122;27.1899986267
8123;27.0900001526
8124;27.0900001526
8125;27.0900001526
8126;27.0900001526
8127;27.0900001526
8128;27.0900001526
8129;27.0900001526
8130;27.0900001526
8131;27.0900001526
8132;27.0900001526
8133;27.0000000000
8134;27.0000000000
8135;27.0000000000
8136;27.0000000000
8137;27.0000000000
8138;27.0000000000
8139;27.0000000000
8140;27.0000000000
8141;27.0000000000
8142;27.0000000000
8143;26.9599990845
8144;26.9599990845
8145;26.9599990845
8146;26.9599990845
8147;26.9599990845
8148;26.9599990845
8149;26.9599990845
8150;26.9599990845
8151;26.9599990845
8152;26.9599990845
8153;26.8699989319
8154;26.8699989319
8155;26.8699989319
8156;26.8699989319
8157;26.8699989319
8158;26.8699989319
8159;26.8699989319
8160;26.8699989319
8161;26.8699989319
8162;26.8699989319
8163;26.7299995422
8164;26.7299995422
8165;26.7299995422
8166;26.7299995422
8167;26.7299995422
8168;26.7299995422
8169;26.7299995422
8170;26.7299995422
8171;26.7299995422
8172;26.7299995422
8173;26.5599994659
8174;26.5599994659
8175;26.5599994659
8176;26.5599994659
8177;26.5599994659
8178;26.5599994659
8179;26.5599994659
8180;26.5599994659
8181;26.5599994659
8182;26.3999996185
8183;26.3999996185
8184;26.3999996185
8185;26.3999996185
8186;26.3999996185
8187;26.3999996185
8188;26.3999996185
8189;26.3999996185
8190;26.3999996185
8191;26.3999996185
8192;26.2899990082
8193;26.2899990082
8194;26.2899990082
8195;26.2899990082
8196;26.2899990082
8197;26.2899990082
8198;26.2899990082
8199;26.2899990082
8200;26.2899990082
8201;26.2899990082
8202;26.1899986267
8203;26.1899986267
8204;26.1899986267
8205;26.1899986267
8206;26.1899986267
8207;26.1899986267
8208;26.1899986267
8209;26.1899986267
8210;26.1899986267
8211;26.1899986267
8212;26.0900001526
8213;26.0900001526
8214;26.0900001526
8215;26.0900001526
8216;26.0900001526
8217;26.0900001526
8218;26.0900001526
8219;26.0900001526
8220;26.0900001526
8221;26.0900001526
8222;26.0100002289
8223;26.0100002289
8224;26.0100002289
8225;26.0100002289
8226;26.0100002289
8227;26.0100002289
8228;26.0100002289
8229;26.0100002289
8230;26.0100002289
8231;26.0100002289
8232;25.9699993134
8233;25.9699993134
8234;25.9699993134
8235;25.9699993134
8236;25.9699993134
8237;25.9699993134
8238;25.9699993134
8239;25.9699993134
8240;25.9699993134
8241;25.9300003052
8242;25.9300003052
8243;25.9300003052
8244;25.9300003052
8245;25.9300003052
8246;25.9300003052
8247;25.9300003052
8248;25.9300003052
8249;25.9300003052
8250;25.9300003052
8251;25.8899993896
8252;25.8899993896
8253;25.8899993896
8254;25.8899993896
8255;25.8899993896
8256;25.8899993896
8257;25.8899993896
8258;25.8899993896
8259;25.8899993896
8260;25.8899993896
8261;25.8699989319
8262;25.8699989319
8263;25.8699989319
8264;25.8699989319
8265;25.8699989319
8266;25.8699989319
8267;25.8699989319
8268;25.8699989319
8269;25.8699989319
8270;25.8699989319
8271;25.8299999237
8272;25.8299999237
8273;25.8299999237
8274;25.8299999237
8275;25.8299999237
8276;25.8299999237
8277;25.8299999237
8278;25.8299999237
8279;25.8299999237
8280;25.8299999237
8281;25.8299999237
8282;25.8299999237
8283;25.8299999237
8284;25.8299999237
8285;25.8299999237
8286;25.8299999237
8287;25.7799987793
8288;25.7799987793
8289;25.7799987793
8290;25.7799987793
8291;25.7799987793
8292;25.7799987793
8293;25.7799987793
8294;25.7799987793
8295;25.7799987793
8296;25.7799987793
8297;25.7199993134
8298;25.7199993134
8299;25.7199993134
8300;25.7199993134
8301;25.7199993134
8302;25.7199993134
8303;25.7199993134
8304;25.7199993134
8305;25.7199993134
8306;25.7199993134
8307;25.6700000763
8308;25.6700000763
8309;25.6700000763
8310;25.6700000763
8311;25.6700000763
8312;25.6700000763
8313;25.6700000763
8314;25.6700000763
8315;25.6700000763
8316;25.6700000763
8317;25.6700000763
8318;25.6700000763
8319;25.6700000763
8320;25.6700000763
8321;25.6700000763
8322;25.6700000763
8323;25.6700000763
8324;25.6700000763
8325;25.6700000763
8326;25.6499996185
8327;25.6499996185
8328;25.6499996185
8329;25.6499996185
8330;25.6499996185
8331;25.6499996185
8332;25.6499996185
8333;25.6499996185
8334;25.6499996185
8335;25.6499996185
8336;25.5699996948
8337;25.5699996948
8338;25.5699996948
8339;25.5699996948
8340;25.5699996948
8341;25.5699996948
8342;25.5699996948
8343;25.5699996948
8344;25.5699996948
8345;25.5699996948
8346;25.5699996948
8347;25.5699996948
8348;25.5699996948
8349;25.5699996948
8350;25.5699996948
8351;25.5699996948
8352;25.5699996948
8353;25.5699996948
8354;25.5699996948
8355;25.5699996948
8356;25.5199985504
8357;25.5199985504
8358;25.5199985504
8359;25.5199985504
8360;25.5199985504
8361;25.5199985504
8362;25.5199985504
8363;25.5199985504
8364;25.5199985504
8365;25.5199985504
8366;25.5100002289
8367;25.5100002289
8368;25.5100002289
8369;25.5100002289
8370;25.5100002289
8371;25.5100002289
8372;25.5100002289
8373;25.5100002289
8374;25.5100002289
8375;25.5000000000
8376;25.5000000000
8377;25.5000000000
8378;25.5000000000
8379;25.5000000000
8380;25.5000000000
8381;25.5000000000
8382;25.5000000000
8383;25.5000000000
8384;25.5000000000
8385;25.4399986267
8386;25.4399986267
8387;25.4399986267
8388;25.4399986267
8389;25.4399986267
8390;25.4399986267
8391;25.4399986267
8392;25.4399986267
8393;25.4399986267
8394;25.4399986267
8395;25.4300003052
8396;25.4300003052
8397;25.4300003052
8398;25.4300003052
8399;25.4300003052
8400;25.4300003052
8401;25.4300003052
8402;25.4300003052
8403;25.4300003052
8404;25.4300003052
8405;25.3999996185
8406;25.3999996185
8407;25.3999996185
8408;25.3999996185
8409;25.3999996185
8410;25.3999996185
8411;25.3999996185
8412;25.3999996185
8413;25.3999996185
8414;25.3999996185
8415;25.5100002289
8416;25.5100002289
8417;25.5100002289
8418;25.5100002289
8419;25.5100002289
8420;25.5100002289
8421;25.5100002289
8422;25.5100002289
8423;25.5100002289
8424;25.5100002289
8425;25.5900001526
8426;25.5900001526
8427;25.5900001526
8428;25.5900001526
8429;25.5900001526
8430;25.5900001526
8431;25.5900001526
8432;25.5900001526
8433;25.5900001526
8434;25.6299991608
8435;25.6299991608
8436;25.6299991608
8437;25.6299991608
8438;25.6299991608
8439;25.6299991608
8440;25.6299991608
8441;25.6299991608
8442;25.6299991608
8443;25.6299991608
8444;25.6499996185
8445;25.6499996185
8446;25.6499996185
8447;25.6499996185
8448;25.6499996185
8449;25.6499996185
8450;25.6499996185
8451;25.6499996185
8452;25.6499996185
8453;25.6499996185
8454;25.6599998474
8455;25.6599998474
8456;25.6599998474
8457;25.6599998474
8458;25.6599998474
8459;25.6599998474
8460;25.6599998474
8461;25.6599998474
8462;25.6599998474
8463;25.6599998474
8464;25.6599998474
8465;25.6599998474
8466;25.6599998474
8467;25.6599998474
8468;25.6599998474
8469;25.6599998474
8470;25.6599998474
8471;25.6599998474
8472;25.6599998474
8473;25.6599998474
8474;25.6299991608
8475;25.6299991608
8476;25.6299991608
8477;25.6299991608
8478;25.6299991608
8479;25.6299991608
8480;25.6299991608
8481;25.6299991608
8482;25.6299991608
8483;25.6299991608
8484;25.5900001526
8485;25.5900001526
8486;25.5900001526
8487;25.5900001526
8488;25.5900001526
8489;25.5900001526
8490;25.5900001526
8491;25.5900001526
8492;25.5900001526
8493;25.5900001526
8494;25.5900001526
8495;25.5900001526
8496;25.5900001526
8497;25.5900001526
8498;25.5900001526
8499;25.5900001526
8500;25.5900001526
8501;25.5900001526
8502;25.5900001526
8503;25.5900001526
8504;25.5799999237
8505;25.5799999237
8506;25.5799999237
8507;25.5799999237
8508;25.5799999237
8509;25.5799999237
8510;25.5799999237
8511;25.5799999237
8512;25.5799999237
8513;25.5699996948
8514;25.5699996948
8515;25.5699996948
8516;25.5699996948
8517;25.5699996948
8518;25.5699996948
8519;25.5699996948
8520;25.5699996948
8521;25.5699996948
8522;25.5699996948
8523;25.5499992371
8524;25.5499992371
8525;25.5499992371
8526;25.5499992371
8527;25.5499992371
8528;25.5499992371
8529;25.5399990082
8530;25.5399990082
8531;25.5399990082
8532;25.5399990082
8533;25.5399990082
8534;25.5399990082
8535;25.5399990082
8536;25.5399990082
8537;25.5399990082
8538;25.5399990082
8539;25.5199985504
8540;25.5199985504
8541;25.5199985504
8542;25.5199985504
8543;25.5199985504
8544;25.5199985504
8545;25.5199985504
8546;25.5199985504
8547;25.5199985504
8548;25.5199985504
8549;25.5000000000
8550;25.5000000000
8551;25.5000000000
8552;25.5000000000
8553;25.5000000000
8554;25.5000000000
8555;25.5000000000
8556;25.5000000000
8557;25.5000000000
8558;25.5000000000
8559;25.4899997711
8560;25.4899997711
8561;25.4899997711
8562;25.4899997711
8563;25.4899997711
8564;25.4899997711
8565;25.4899997711
8566;25.4899997711
8567;25.4899997711
8568;25.4899997711
8569;25.4699993134
8570;25.4699993134
8571;25.4699993134
8572;25.4699993134
8573;25.4699993134
8574;25.4699993134
8575;25.4699993134
8576;25.4699993134
8577;25.4699993134
8578;25.4699993134
8579;25.4699993134
8580;25.4699993134
8581;25.4699993134
8582;25.4699993134
8583;25.4699993134
8584;25.4699993134
8585;25.4699993134
8586;25.4699993134
8587;25.4699993134
8588;25.4399986267
8589;25.4399986267
8590;25.4399986267
8591;25.4399986267
8592;25.4399986267
8593;25.4399986267
8594;25.4399986267
8595;25.4399986267
8596;25.4399986267
8597;25.4399986267
8598;25.4399986267
8599;25.4399986267
8600;25.4399986267
8601;25.4399986267
8602;25.4399986267
8603;25.4399986267
8604;25.4399986267
8605;25.4399986267
8606;25.4399986267
8607;25.4399986267
8608;25.4399986267
8609;25.4399986267
8610;25.4399986267
8611;25.4399986267
8612;25.4399986267
8613;25.4399986267
8614;25.4399986267
8615;25.4399986267
8616;25.4399986267
8617;25.4399986267
8618;25.4300003052
8619;25.4300003052
8620;25.4300003052
8621;25.4300003052
8622;25.4300003052
8623;25.4300003052
8624;25.4300003052
8625;25.4300003052
8626;25.4300003052
8627;25.4300003052
8628;25.4499988556
8629;25.4499988556
8630;25.4499988556
8631;25.4499988556
8632;25.4499988556
8633;25.4499988556
8634;25.4499988556
8635;25.4499988556
8636;25.4499988556
8637;25.4399986267
8638;25.4399986267
8639;25.4399986267
8640;25.4399986267
8641;25.4399986267
8642;25.4399986267
8643;25.4399986267
8644;25.4399986267
8645;25.4399986267
8646;25.4399986267
8647;25.4099998474
8648;25.4099998474
8649;25.4099998474
8650;25.4099998474
8651;25.4099998474
8652;25.4099998474
8653;25.4099998474
8654;25.4099998474
8655;25.4099998474
8656;25.4099998474
8657;25.4200000763
8658;25.4200000763
8659;25.4200000763
8660;25.4200000763
8661;25.4200000763
8662;25.4200000763
8663;25.4200000763
8664;25.4200000763
8665;25.4200000763
8666;25.4200000763
8667;25.3999996185
8668;25.3999996185
8669;25.3999996185
8670;25.3999996185
8671;25.3999996185
8672;25.3999996185
8673;25.3999996185
8674;25.3999996185
8675;25.3999996185
8676;25.3999996185
8677;25.3799991608
8678;25.3799991608
8679;25.3799991608
8680;25.3799991608
8681;25.3799991608
8682;25.3799991608
8683;25.3799991608
8684;25.3799991608
8685;25.3799991608
8686;25.3799991608
8687;25.3899993896
8688;25.3899993896
8689;25.3899993896
8690;25.3899993896
8691;25.3899993896
8692;25.3899993896
8693;25.3899993896
8694;25.3899993896
8695;25.3899993896
8696;25.3899993896
8697;25.3599987030
8698;25.3599987030
8699;25.3599987030
8700;25.3599987030
8701;25.3599987030
8702;25.3599987030
8703;25.3599987030
8704;25.3599987030
8705;25.3599987030
8706;25.3599987030
8707;25.3599987030
8708;25.3599987030
8709;25.3599987030
8710;25.3599987030
8711;25.3599987030
8712;25.3599987030
8713;25.3599987030
8714;25.3599987030
8715;25.3599987030
8716;25.3599987030
8717;25.3599987030
8718;25.3599987030
8719;25.3599987030
8720;25.3599987030
8721;25.3599987030
8722;25.3599987030
8723;25.3599987030
8724;25.3599987030
8725;25.3599987030
8726;25.3500003815
8727;25.3500003815
8728;25.3500003815
8729;25.3500003815
8730;25.3500003815
8731;25.3500003815
8732;25.3500003815
8733;25.3500003815
8734;25.3500003815
8735;25.3500003815
8736;25.3400001526
8737;25.3400001526
8738;25.3400001526
8739;25.3400001526
8740;25.3400001526
8741;25.3400001526
8742;25.3400001526
8743;25.3400001526
8744;25.3400001526
8745;25.3400001526
8746;25.3400001526
8747;25.3400001526
8748;25.3400001526
8749;25.3400001526
8750;25.3400001526
8751;25.3400001526
8752;25.3400001526
8753;25.3400001526
8754;25.3400001526
8755;25.3400001526
8756;25.3400001526
8757;25.3400001526
8758;25.3400001526
8759;25.3400001526
8760;25.3400001526
8761;25.3400001526
8762;25.3400001526
8763;25.3400001526
8764;25.3400001526
8765;25.3400001526
8766;25.3400001526
8767;25.3400001526
8768;25.3400001526
8769;25.3400001526
8770;25.3400001526
8771;25.3400001526
8772;25.3400001526
8773;25.3400001526
8774;25.3400001526
8775;25.3400001526
8776;25.3400001526
8777;25.3400001526
8778;25.3400001526
8779;25.3400001526
8780;25.3400001526
8781;25.3299999237
8782;25.3299999237
8783;25.3299999237
8784;25.3299999237
8785;25.3299999237
8786;25.3299999237
8787;25.3299999237
8788;25.3299999237
8789;25.3299999237
8790;25.3299999237
8791;25.2999992371
8792;25.2999992371
8793;25.2999992371
8794;25.2999992371
8795;25.2999992371
8796;25.2999992371
8797;25.2999992371
8798;25.2999992371
8799;25.2999992371
8800;25.2999992371
8801;25.2999992371
8802;25.2999992371
8803;25.2999992371
8804;25.2999992371
8805;25.2999992371
8806;25.2999992371
8807;25.2999992371
8808;25.2999992371
8809;25.2999992371
8810;25.2999992371
8811;25.2699985504
8812;25.2699985504
8813;25.2699985504
8814;25.2699985504
8815;25.2699985504
8816;25.2699985504
8817;25.2699985504
8818;25.2699985504
8819;25.2699985504
8820;25.2699985504
8821;25.2699985504
8822;25.2699985504
8823;25.2699985504
8824;25.2699985504
8825;25.2699985504
8826;25.2699985504
8827;25.2699985504
8828;25.2699985504
8829;25.2699985504
8830;25.2699985504
8831;25.2699985504
8832;25.2699985504
8833;25.2699985504
8834;25.2699985504
8835;25.2699985504
8836;25.2699985504
8837;25.2699985504
8838;25.2699985504
8839;25.2699985504
8840;25.2500000000
8841;25.2500000000
8842;25.2500000000
8843;25.2500000000
8844;25.2500000000
8845;25.2500000000
8846;25.2500000000
8847;25.2500000000
8848;25.2500000000
8849;25.2500000000
8850;25.2500000000
8851;25.2500000000
8852;25.2500000000
8853;25.2500000000
8854;25.2500000000
8855;25.2500000000
8856;25.2500000000
8857;25.2500000000
8858;25.2500000000
8859;25.2500000000
8860;25.2500000000
8861;25.2500000000
8862;25.2500000000
8863;25.2500000000
8864;25.2500000000
8865;25.2500000000
8866;25.2500000000
8867;25.2500000000
8868;25.2500000000
8869;25.2500000000
8870;25.2399997711
8871;25.2399997711
8872;25.2399997711
8873;25.2399997711
8874;25.2399997711
8875;25.2399997711
8876;25.2399997711
8877;25.2399997711
8878;25.2399997711
8879;25.2399997711
8880;25.2299995422
8881;25.2299995422
8882;25.2299995422
8883;25.2299995422
8884;25.2299995422
8885;25.2299995422
8886;25.2299995422
8887;25.2299995422
8888;25.2299995422
8889;25.2099990845
8890;25.2099990845
8891;25.2099990845
8892;25.2099990845
8893;25.2099990845
8894;25.2099990845
8895;25.2099990845
8896;25.2099990845
8897;25.2099990845
8898;25.2099990845
8899;25.1899986267
8900;25.1899986267
8901;25.1899986267
8902;25.1899986267
8903;25.1899986267
8904;25.1899986267
8905;25.1899986267
8906;25.1899986267
8907;25.1899986267
8908;25.1899986267
8909;25.1700000763
8910;25.1700000763
8911;25.1700000763
8912;25.1700000763
8913;25.1700000763
8914;25.1700000763
8915;25.1700000763
8916;25.1700000763
8917;25.1700000763
8918;25.1700000763
8919;25.1599998474
8920;25.1599998474
8921;25.1599998474
8922;25.1599998474
8923;25.1599998474
8924;25.1599998474
8925;25.1599998474
8926;25.1599998474
8927;25.1599998474
8928;25.1599998474
8929;25.1399993896
8930;25.1399993896
8931;25.1399993896
8932;25.1399993896
8933;25.1399993896
8934;25.1399993896
8935;25.1399993896
8936;25.1399993896
8937;25.1399993896
8938;25.1399993896
8939;25.1199989319
8940;25.1199989319
8941;25.1199989319
8942;42.0200004578
8943;42.0200004578
8944;42.0200004578
8945;42.0200004578
8946;41.7399978638
8947;41.7399978638
8948;42.5699996948
8949;42.5799980164
8950;42.5799980164
8951;42.5799980164
8952;42.0699996948
8953;42.0699996948
8954;42.0699996948
8955;42.7700004578
8956;42.7700004578
8957;42.7700004578
8958;42.5200004578
8959;42.0799980164
8960;42.0799980164
8961;42.0799980164
8962;42.6299972534
8963;42.6299972534
8964;42.6299972534
8965;42.2199974060
8966;42.2199974060
8967;42.2199974060
8968;42.4899978638
8969;42.4899978638
8970;42.4899978638
8971;42.4899978638
8972;42.4899978638
8973;42.4899978638
8974;42.4899978638
8975;42.3699989319
8976;42.3699989319
8977;42.3699989319
8978;42.4500007629
8979;42.4500007629
8980;42.4500007629
8981;42.6899986267
8982;42.6899986267
8983;42.6899986267
8984;42.6899986267
8985;42.5000000000
8986;42.5000000000
8987;42.5000000000
8988;42.5000000000
8989;42.5000000000
8990;42.5000000000
8991;42.7000007629
8992;42.7000007629
8993;42.7000007629
8994;42.5599975586
8995;42.5599975586
8996;42.5599975586
8997;42.5599975586
8998;42.4099998474
8999;42.4099998474
9000;42.4099998474
9001;42.5599975586
9002;42.5599975586
9003;42.5599975586
9004;42.5099983215
9005;42.5099983215
9006;42.5099983215
9007;42.3999977112
9008;42.4099998474
9009;42.4099998474
9010;42.4099998474
9011;42.5999984741
9012;42.5999984741
9013;42.5999984741
9014;42.5299987793
9015;42.5299987793
9016;42.5299987793
9017;42.4099998474
9018;42.4099998474
9019;42.4099998474
9020;42.4099998474
9021;42.5699996948
9022;42.5699996948
9023;42.5699996948
9024;42.7599983215
9025;42.7599983215
9026;42.7599983215
9027;42.4199981689
9028;42.4199981689
9029;42.4199981689
9030;42.5099983215
9031;42.5099983215
9032;42.5099983215
9033;42.4899978638
9034;42.4699974060
9035;42.4699974060
9036;42.4699974060
9037;42.3299980164
9038;42.3299980164
9039;42.3299980164
9040;42.5200004578
9041;42.5200004578
9042;42.5200004578
9043;42.5000000000
9044;42.5000000000
9045;42.5000000000
9046;42.5000000000
9047;42.8499984741
9048;42.8499984741
9049;42.8499984741
9050;42.5699996948
9051;42.5699996948
9052;42.5699996948
9053;41.9500007629
9054;41.9500007629
9055;41.9500007629
9056;42.3699989319
9057;42.3699989319
9058;42.3699989319
9059;42.3699989319
9060;42.5299987793
9061;42.5299987793
9062;42.5299987793
9063;42.5200004578
9064;42.5200004578
9065;42.5200004578
9066;42.3699989319
9067;42.3699989319
9068;42.3699989319
9069;42.3699989319
9070;42.5099983215
9071;42.5099983215
9072;42.5099983215
9073;42.5099983215
9074;42.5099983215
9075;42.5099983215
9076;42.3600006104
9077;42.3600006104
9078;42.3600006104
9079;42.5099983215
9080;42.5099983215
9081;42.5099983215
9082;42.6299972534
9083;42.6299972534
9084;42.6299972534
9085;42.6299972534
9086;42.4199981689
9087;42.4199981689
9088;42.4199981689
9089;42.5000000000
9090;42.5000000000
9091;42.5000000000
9092;42.5200004578
9093;42.5200004578
9094;42.5200004578
9095;42.5200004578
9096;42.3499984741
9097;42.3499984741
9098;42.3499984741
9099;42.5000000000
9100;42.5000000000
9101;42.5000000000
9102;41.7900009155
9103;41.7900009155
9104;41.7900009155
9105;42.5499992371
9106;42.5499992371
9107;42.5499992371
9108;42.5499992371
9109;42.5000000000
9110;42.5000000000
9111;42.5000000000
9112;42.4399986267
9113;42.4399986267
9114;42.4399986267
9115;42.1499977112
9116;42.1499977112
9117;42.1499977112
9118;42.4199981689
9119;42.4199981689
9120;42.4199981689
9121;42.4199981689
9122;42.4599990845
9123;42.4599990845
9124;42.4599990845
9125;42.2900009155
9126;42.2900009155
9127;42.2900009155
9128;42.4199981689
9129;42.4199981689
9130;42.4199981689
9131;42.4799995422
9132;42.4699974060
9133;42.4699974060
9134;42.4699974060
9135;42.2999992371
9136;42.2999992371
9137;42.2999992371
9138;42.4099998474
9139;42.4099998474
9140;42.4099998474
9141;41.8600006104
9142;41.8600006104
9143;41.8600006104
9144;42.3400001526
9145;42.3400001526
9146;42.3400001526
9147;42.3400001526
9148;42.3799972534
9149;42.3799972534
9150;42.3799972534
9151;42.3600006104
9152;42.3600006104
9153;42.3600006104
9154;42.2399978638
9155;42.2399978638
9156;42.2399978638
9157;42.3999977112
9158;42.3999977112
9159;42.3999977112
9160;42.3999977112
9161;42.3600006104
9162;42.3600006104
9163;42.3600006104
9164;42.1899986267
9165;42.1899986267
9166;42.1899986267
9167;42.2000007629
9168;42.2000007629
9169;42.2000007629
9170;42.2500000000
9171;42.2399978638
9172;42.2399978638
9173;42.2399978638
9174;42.7099990845
9175;42.7099990845
9176;42.7099990845
9177;42.1800003052
9178;42.1800003052
9179;42.1800003052
9180;42.4500007629
9181;42.4699974060
9182;42.4699974060
9183;42.4699974060
9184;42.5599975586
9185;42.5599975586
9186;42.5599975586
9187;42.7799987793
9188;42.7799987793
9189;42.7799987793
9190;42.3899993896
9191;42.3400001526
9192;42.3400001526
9193;42.2399978638
9194;42.2399978638
9195;42.2399978638
9196;42.2399978638
9197;42.4699974060
9198;42.4699974060
9199;42.4699974060
9200;42.3099975586
9201;42.3099975586
9202;42.3099975586
9203;42.2500000000
9204;42.2500000000
9205;42.2500000000
9206;42.3499984741
9207;42.3499984741
9208;42.3499984741
9209;42.3499984741
9210;42.7700004578
9211;42.7700004578
9212;42.7700004578
9213;42.4300003052
9214;42.4300003052
9215;42.4300003052
9216;42.3099975586
9217;42.3099975586
9218;42.3099975586
9219;42.6800003052
9220;42.2399978638
9221;42.2399978638
9222;42.2399978638
9223;42.2399978638
9224;42.2399978638
9225;42.2399978638
9226;42.4899978638
9227;42.4899978638
9228;42.4899978638
9229;42.4300003052
9230;42.2900009155
9231;42.2900009155
9232;42.2900009155
9233;42.3099975586
9234;42.3099975586
9235;42.3099975586
9236;42.5799980164
9237;42.5799980164
9238;42.5799980164
9239;41.9699974060
9240;41.9699974060
9241;41.9699974060
9242;42.3699989319
9243;42.3699989319
9244;42.3699989319
9245;42.3699989319
9246;42.5999984741
9247;42.5999984741
9248;42.5999984741
9249;42.4599990845
9250;42.3400001526
9251;42.3400001526
9252;42.2700004578
9253;42.2700004578
9254;42.2700004578
9255;42.6899986267
9256;42.6899986267
9257;42.6899986267
9258;42.6899986267
9259;42.2000007629
9260;42.2299995422
9261;42.2299995422
9262;42.3099975586
9263;42.3099975586
9264;42.3099975586
9265;42.3899993896
9266;42.3899993896
9267;42.3899993896
9268;42.7199974060
9269;42.6499977112
9270;42.6499977112
9271;42.6499977112
9272;42.1100006104
9273;42.1100006104
9274;42.1100006104
9275;42.1299972534
9276;42.1299972534
9277;42.1299972534
9278;42.5699996948
9279;42.3699989319
9280;42.3699989319
9281;42.3699989319
9282;42.2399978638
9283;42.2399978638
9284;42.2399978638
9285;42.2599983215
9286;42.2599983215
9287;42.2599983215
9288;42.4799995422
9289;42.4799995422
9290;42.4799995422
9291;42.5400009155
9292;42.5400009155
9293;42.5400009155
9294;42.5400009155
9295;42.3799972534
9296;42.3799972534
9297;42.3799972534
9298;42.1800003052
9299;42.1800003052
9300;42.1800003052
9301;42.2700004578
9302;42.2700004578
9303;42.2700004578
9304;42.8799972534
9305;42.5599975586
9306;42.5599975586
9307;42.5599975586
9308;42.6800003052
9309;42.6800003052
9310;42.6800003052
9311;42.7900009155
9312;42.7900009155
9313;42.7900009155
9314;42.2599983215
9315;42.3499984741
9316;42.3499984741
9317;42.4199981689
9318;42.4199981689
9319;42.4199981689
9320;42.4199981689
9321;42.7900009155
9322;42.7900009155
9323;42.7900009155
9324;42.6100006104
9325;42.7399978638
9326;42.7399978638
9327;42.5000000000
9328;42.5000000000
9329;42.5000000000
9330;42.5000000000
9331;42.2900009155
9332;42.2900009155
9333;42.2900009155
9334;42.2000007629
9335;42.7199974060
9336;42.7199974060
9337;42.4399986267
9338;42.4399986267
9339;42.4399986267
9340;42.7999992371
9341;42.7999992371
9342;42.7999992371
9343;42.7999992371
9344;41.9199981689
9345;41.9199981689
9346;41.9199981689
9347;42.8899993896
9348;42.8899993896
9349;42.8899993896
9350;42.4300003052
9351;42.4300003052
9352;42.4300003052
9353;42.4300003052
9354;42.3299980164
9355;42.3299980164
9356;42.3299980164
9357;42.6499977112
9358;42.6499977112
9359;42.6499977112
9360;42.2099990845
9361;42.2099990845
9362;42.2099990845
9363;42.2099990845
9364;41.5999984741
9365;41.5999984741
9366;41.5999984741
9367;41.5999984741
9368;41.5999984741
9369;41.5999984741
9370;41.5999984741
9371;41.5999984741
9372;41.5999984741
9373;41.5999984741
9374;37.0499992371
9375;37.0499992371
9376;37.0499992371
9377;37.0499992371
9378;37.0499992371
9379;37.0499992371
9380;37.0499992371
9381;37.0499992371
9382;37.0499992371
9383;37.0499992371
9384;33.9099998474
9385;33.9099998474
9386;33.9099998474
9387;33.9099998474
9388;33.9099998474
9389;33.9099998474
9390;33.9099998474
9391;33.9099998474
9392;33.9099998474
9393;31.9200000763
9394;31.9200000763
9395;31.9200000763
9396;31.9200000763
9397;31.9200000763
9398;31.9200000763
9399;31.9200000763
9400;31.9200000763
9401;31.9200000763
9402;31.9200000763
9403;30.7600002289
9404;30.7600002289
9405;30.7600002289
9406;30.7600002289
9407;30.7600002289
9408;30.7600002289
9409;30.7600002289
9410;30.7600002289
9411;30.7600002289
9412;30.7600002289
9413;30.0199985504
9414;30.0199985504
9415;30.0199985504
9416;30.0199985504
9417;30.0199985504
9418;30.0199985504
9419;30.0199985504
9420;30.0199985504
9421;30.0199985504
9422;30.0199985504
9423;29.5299987793
9424;29.5299987793
9425;29.5299987793
9426;29.5299987793
9427;29.5299987793
9428;29.5299987793
9429;29.5299987793
9430;29.5299987793
9431;29.5299987793
9432;29.5299987793
9433;29.1499996185
9434;29.1499996185
9435;29.1499996185
9436;29.1499996185
9437;29.1499996185
9438;29.1499996185
9439;29.1499996185
9440;29.1499996185
9441;29.1499996185
9442;29.1499996185
9443;28.8599987030
9444;28.8599987030
9445;28.8599987030
9446;28.8599987030
9447;28.8599987030
9448;28.8599987030
9449;28.8599987030
9450;28.8599987030
9451;28.8599987030
9452;28.8599987030
9453;28.6299991608
9454;28.6299991608
9455;28.6299991608
9456;28.6299991608
9457;28.6299991608
9458;28.6299991608
9459;28.6299991608
9460;28.6299991608
9461;28.6299991608
9462;28.4599990845
9463;28.4599990845
9464;28.4599990845
9465;28.4599990845
9466;28.4599990845
9467;28.4599990845
9468;28.4599990845
9469;28.4599990845
9470;28.4599990845
9471;28.4599990845
9472;28.2799987793
9473;28.2799987793
9474;28.2799987793
9475;28.2799987793
9476;28.2799987793
9477;28.2799987793
9478;28.2799987793
9479;28.2799987793
9480;28.2799987793
9481;28.2799987793
9482;28.1299991608
9483;28.1299991608
9484;28.1299991608
9485;28.1299991608
9486;28.1299991608
9487;28.1299991608
9488;28.1299991608
9489;28.1299991608
9490;28.1299991608
9491;28.1299991608
9492;27.9899997711
9493;27.9899997711
9494;27.9899997711
9495;27.9899997711
9496;27.9899997711
9497;27.9899997711
9498;27.9899997711
9499;27.9899997711
9500;27.9899997711
9501;27.9899997711
9502;27.8499984741
9503;27.8499984741
9504;27.8499984741
9505;27.8499984741
9506;27.8499984741
9507;27.8499984741
9508;27.8499984741
9509;27.8499984741
9510;27.8499984741
9511;27.8499984741
9512;27.7299995422
9513;27.7299995422
9514;27.7299995422
9515;27.7299995422
9516;27.7299995422
9517;27.7299995422
9518;27.7299995422
9519;27.7299995422
9520;27.7299995422
9521;27.7299995422
9522;27.6099987030
9523;27.6099987030
9524;27.6099987030
9525;27.6099987030
9526;27.6099987030
9527;27.6099987030
9528;27.6099987030
9529;27.6099987030
9530;27.6099987030
9531;27.4899997711
9532;27.4899997711
9533;27.4899997711
9534;27.4899997711
9535;27.4899997711
9536;27.4899997711
9537;27.4200000763
9538;27.4200000763
9539;27.4200000763
9540;27.4200000763
9541;27.4200000763
9542;27.4200000763
9543;27.4200000763
9544;27.4200000763
9545;27.4200000763
9546;27.4200000763
9547;27.2999992371
9548;27.2999992371
9549;27.2999992371
9550;27.2999992371
9551;27.2999992371
9552;27.2999992371
9553;27.2999992371
9554;27.2999992371
9555;27.2999992371
9556;27.2999992371
9557;27.2099990845
9558;27.2099990845
9559;27.2099990845
9560;27.2099990845
9561;27.2099990845
9562;27.2099990845
9563;27.2099990845
9564;27.2099990845
9565;27.2099990845
9566;27.2099990845
9567;27.1599998474
9568;27.1599998474
9569;27.1599998474
9570;27.1599998474
9571;27.1599998474
9572;27.1599998474
9573;27.1599998474
9574;27.1599998474
9575;27.1599998474
9576;27.1599998474
9577;27.0999984741
9578;27.0999984741
9579;27.0999984741
9580;27.0999984741
9581;27.0999984741
9582;27.0999984741
9583;27.0999984741
9584;27.0999984741
9585;27.0999984741
9586;27.0999984741
9587;26.9499988556
9588;26.9499988556
9589;26.9499988556
9590;26.9499988556
9591;26.9499988556
9592;26.9499988556
9593;26.9499988556
9594;26.9499988556
9595;26.9499988556
9596;26.9499988556
9597;26.7699985504
9598;26.7699985504
9599;26.7699985504
9600;26.7699985504
9601;26.7699985504
9602;26.7699985504
9603;26.7699985504
9604;26.7699985504
9605;26.7699985504
9606;26.5900001526
9607;26.5900001526
9608;26.5900001526
9609;26.5900001526
9610;26.5900001526
9611;26.5900001526
9612;26.5900001526
9613;26.5900001526
9614;26.5900001526
9615;26.5900001526
9616;26.3899993896
9617;26.3899993896
9618;26.3899993896
9619;26.3899993896
9620;26.3899993896
9621;26.3899993896
9622;26.3899993896
9623;26.3899993896
9624;26.3899993896
9625;26.3899993896
9626;26.2199993134
9627;26.2199993134
9628;26.2199993134
9629;26.2199993134
9630;26.2199993134
9631;26.2199993134
9632;26.2199993134
9633;26.2199993134
9634;26.2199993134
9635;26.2199993134
9636;26.0999984741
9637;26.0999984741
9638;26.0999984741
9639;26.0999984741
9640;26.0999984741
9641;26.0999984741
9642;26.0999984741
9643;26.0999984741
9644;26.0999984741
9645;26.0999984741
9646;26.0000000000
9647;26.0000000000
9648;26.0000000000
9649;26.0000000000
9650;26.0000000000
9651;26.0000000000
9652;26.0000000000
9653;26.0000000000
9654;26.0000000000
9655;26.0000000000
9656;25.9099998474
9657;25.9099998474
9658;25.9099998474
9659;25.9099998474
9660;25.9099998474
9661;25.9099998474
9662;25.9099998474
9663;25.9099998474
9664;25.9099998474
9665;25.8400001526
9666;25.8400001526
9667;25.8400001526
9668;25.8400001526
9669;25.8400001526
9670;25.8400001526
9671;25.8400001526
9672;25.8400001526
9673;25.8400001526
9674;25.8400001526
9675;25.7500000000
9676;25.7500000000
9677;25.7500000000
9678;25.7500000000
9679;25.7500000000
9680;25.7500000000
9681;25.7500000000
9682;25.7500000000
9683;25.7500000000
9684;25.7500000000
9685;25.6899986267
9686;25.6899986267
9687;25.6899986267
9688;25.6899986267
9689;25.6899986267
9690;25.6899986267
9691;25.6899986267
9692;25.6899986267
9693;25.6899986267
9694;25.6899986267
9695;25.6399993896
9696;25.6399993896
9697;25.6399993896
9698;25.6399993896
9699;25.6399993896
9700;25.6399993896
9701;25.6399993896
9702;25.6399993896
9703;25.6399993896
9704;25.6399993896
9705;25.5900001526
9706;25.5900001526
9707;25.5900001526
9708;25.5900001526
9709;25.5900001526
9710;25.5900001526
9711;25.5900001526
9712;25.5900001526
9713;25.5900001526
9714;25.5900001526
9715;25.5499992371
9716;25.5499992371
9717;25.5499992371
9718;25.5499992371
9719;25.5499992371
9720;25.5499992371
9721;25.5499992371
9722;25.5499992371
9723;25.5499992371
9724;25.5100002289
9725;25.5100002289
9726;25.5100002289
9727;25.5100002289
9728;25.5100002289
9729;25.5100002289
9730;25.5100002289
9731;25.5100002289
9732;25.5100002289
9733;25.5100002289
9734;25.4799995422
9735;25.4799995422
9736;25.4799995422
9737;25.4799995422
9738;25.4799995422
9739;25.4799995422
9740;25.4799995422
9741;25.4799995422
9742;25.4799995422
9743;25.4799995422
9744;25.4200000763
9745;25.4200000763
9746;25.4200000763
9747;25.4200000763
9748;25.4200000763
9749;25.4200000763
9750;25.4200000763
9751;25.4200000763
9752;25.4200000763
9753;25.4200000763
9754;25.3599987030
9755;25.3599987030
9756;25.3599987030
9757;25.3599987030
9758;25.3599987030
9759;25.3599987030
9760;25.3599987030
9761;25.3599987030
9762;25.3599987030
9763;25.3599987030
9764;25.3099994659
9765;25.3099994659
9766;25.3099994659
9767;25.3099994659
9768;25.3099994659
9769;25.3099994659
9770;25.3099994659
9771;25.3099994659
9772;25.3099994659
9773;25.3099994659
9774;25.2600002289
9775;25.2600002289
9776;25.2600002289
9777;25.2600002289
9778;25.2600002289
9779;25.2600002289
9780;25.2600002289
9781;25.2600002289
9782;25.2600002289
9783;25.2600002289
9784;25.2500000000
9785;25.2500000000
9786;25.2500000000
9787;25.2500000000
9788;25.2500000000
9789;25.2500000000
9790;25.2199993134
9791;25.2199993134
9792;25.2199993134
9793;25.2199993134
9794;25.2199993134
9795;25.2199993134
9796;25.2199993134
9797;25.2199993134
9798;25.2199993134
9799;25.1700000763
9800;25.1700000763
9801;25.1700000763
9802;25.1700000763
9803;25.1700000763
9804;25.1700000763
9805;25.1700000763
9806;25.1700000763
9807;25.1700000763
9808;25.1700000763
9809;25.1199989319
9810;25.1199989319
9811;25.1199989319
9812;25.1199989319
9813;25.1199989319
9814;25.1199989319
9815;25.1199989319
9816;25.1199989319
9817;25.1199989319
9818;25.1199989319
9819;25.1099987030
9820;25.1099987030
9821;25.1099987030
9822;25.1099987030
9823;25.1099987030
9824;25.1099987030
9825;25.1099987030
9826;25.1099987030
9827;25.1099987030
9828;25.1099987030
9829;25.0799999237
9830;25.0799999237
9831;25.0799999237
9832;25.0799999237
9833;25.0799999237
9834;25.0799999237
9835;25.0799999237
9836;25.0799999237
9837;25.0799999237
9838;25.0799999237
9839;25.0599994659
9840;25.0599994659
9841;25.0599994659
9842;25.0599994659
9843;25.0599994659
9844;25.0599994659
9845;25.0599994659
9846;25.0599994659
9847;25.0599994659
9848;25.0599994659
9849;25.0399990082
9850;25.0399990082
9851;25.0399990082
9852;25.0399990082
9853;25.0399990082
9854;25.0399990082
9855;25.0399990082
9856;25.0399990082
9857;25.0399990082
9858;25.0399990082
9859;25.0000000000
9860;25.0000000000
9861;25.0000000000
9862;25.0000000000
9863;25.0000000000
9864;25.0000000000
9865;25.0000000000
9866;25.0000000000
9867;25.0000000000
9868;25.0100002289
9869;25.0100002289
9870;25.0100002289
9871;25.0100002289
9872;25.0100002289
9873;25.0100002289
9874;25.0100002289
9875;25.0100002289
9876;25.0100002289
9877;25.0100002289
9878;25.2699985504
9879;25.2699985504
9880;25.2699985504
9881;25.2699985504
9882;25.2699985504
9883;25.2699985504
9884;25.2699985504
9885;25.2699985504
9886;25.2699985504
9887;25.2699985504
9888;25.4599990845
9889;25.4599990845
9890;25.4599990845
9891;25.4599990845
9892;25.4599990845
9893;25.4599990845
9894;25.4599990845
9895;25.4599990845
9896;25.4599990845
9897;25.4599990845
9898;25.5499992371
9899;25.5499992371
9900;25.5499992371
9901;25.5499992371
9902;25.5499992371
9903;25.5499992371
9904;25.5499992371
9905;25.5499992371
9906;25.5499992371
9907;25.5499992371
9908;25.5799999237
9909;25.5799999237
9910;25.5799999237
9911;25.5799999237
9912;25.5799999237
9913;25.5799999237
9914;25.5799999237
9915;25.5799999237
9916;25.5799999237
9917;25.5799999237
9918;25.5799999237
9919;25.5799999237
9920;25.5799999237
9921;25.5799999237
9922;25.5799999237
9923;25.5799999237
9924;25.5799999237
9925;25.5799999237
9926;25.5799999237
9927;25.5499992371
9928;25.5499992371
9929;25.5499992371
9930;25.5499992371
9931;25.5499992371
9932;25.5499992371
9933;25.5499992371
9934;25.5499992371
9935;25.5499992371
9936;25.5499992371
9937;25.5299987793
9938;25.5299987793
9939;25.5299987793
9940;25.5299987793
9941;25.5299987793
9942;25.5299987793
9943;25.5299987793
9944;25.5299987793
9945;25.5299987793
9946;25.5299987793
9947;25.5199985504
9948;25.5199985504
9949;25.5199985504
9950;25.5199985504
9951;25.5199985504
9952;25.5199985504
9953;25.5199985504
9954;25.5199985504
9955;25.5199985504
9956;25.5199985504
9957;25.5299987793
9958;25.5299987793
9959;25.5299987793
9960;25.5299987793
9961;25.5299987793
9962;25.5299987793
9963;25.5299987793
9964;25.5299987793
9965;25.5299987793
9966;25.5299987793
9967;25.5000000000
9968;25.5000000000
9969;25.5000000000
9970;25.5000000000
9971;25.5000000000
9972;25.5000000000
9973;25.5000000000
9974;25.5000000000
9975;25.5000000000
9976;25.4899997711
9977;25.4899997711
9978;25.4899997711
9979;25.4899997711
9980;25.4899997711
9981;25.4899997711
9982;25.4899997711
9983;25.4899997711
9984;25.4899997711
9985;25.4899997711
9986;25.4599990845
9987;25.4599990845
9988;25.4599990845
9989;25.4599990845
9990;25.4599990845
9991;25.4599990845
9992;25.4599990845
9993;25.4599990845
9994;25.4599990845
9995;25.4599990845
9996;25.4300003052
9997;25.4300003052
9998;25.4300003052
9999;25.4300003052
10000;25.4300003052
10001;25.4300003052
10002;25.4300003052
10003;25.4300003052
10004;25.4300003052
10005;25.4300003052
10006;25.4200000763
10007;25.4200000763
10008;25.4200000763
10009;25.4200000763
10010;25.4200000763
10011;25.4200000763
10012;25.4200000763
10013;25.4200000763
10014;25.4200000763
10015;25.4200000763
10016;25.4300003052
10017;25.4300003052
10018;25.4300003052
10019;25.4300003052
10020;25.4300003052
10021;25.4300003052
10022;25.4300003052
10023;25.4300003052
10024;25.4300003052
10025;25.4300003052
10026;25.3999996185
10027;25.3999996185
10028;25.3999996185
10029;25.3999996185
10030;25.3999996185
10031;25.3999996185
10032;25.3999996185
10033;25.3999996185
10034;25.3999996185
10035;25.3999996185
10036;25.3799991608
10037;25.3799991608
10038;25.3799991608
10039;25.3799991608
10040;25.3799991608
10041;25.3799991608
10042;25.3599987030
10043;25.3599987030
10044;25.3599987030
10045;25.3599987030
10046;25.3599987030
10047;25.3599987030
10048;25.3599987030
10049;25.3599987030
10050;25.3599987030
10051;25.3500003815
10052;25.3500003815
10053;25.3500003815
10054;25.3500003815
10055;25.3500003815
10056;25.3500003815
10057;25.3500003815
10058;42.3699989319
10059;42.3699989319
10060;42.3699989319
10061;42.1699981689
10062;42.1699981689
10063;42.1699981689
10064;42.5599975586
10065;42.5599975586
10066;42.5599975586
10067;42.5499992371
10068;42.5499992371
10069;42.5499992371
10070;42.4399986267
10071;42.5299987793
10072;42.5299987793
10073;42.5299987793
10074;42.7599983215
10075;42.7599983215
10076;42.7599983215
10077;42.3600006104
10078;42.3600006104
10079;42.3600006104
10080;42.4099998474
10081;42.5099983215
10082;42.5099983215
10083;42.8600006104
10084;42.8600006104
10085;42.8600006104
10086;42.8600006104
10087;42.0900001526
10088;42.0900001526
10089;42.0900001526
10090;42.4500007629
10091;42.8799972534
10092;42.8799972534
10093;42.4799995422
10094;42.4799995422
10095;42.4799995422
10096;41.9199981689
10097;41.9199981689
10098;41.9199981689
10099;42.4300003052
10100;42.4300003052
10101;43.0400009155
10102;43.0400009155
10103;42.7999992371
10104;42.7999992371
10105;42.7999992371
10106;42.3699989319
10107;42.3699989319
10108;42.3699989319
10109;42.2599983215
10110;42.2599983215
10111;42.2999992371
10112;42.3899993896
10113;42.3899993896
10114;42.3899993896
10115;42.3899993896
10116;42.3899993896
10117;42.3899993896
10118;42.3899993896
10119;42.2599983215
10120;42.2900009155
10121;42.2900009155
10122;42.3600006104
10123;42.3600006104
10124;42.3600006104
10125;42.3299980164
10126;42.3299980164
10127;42.3299980164
10128;43.2599983215
10129;43.2599983215
10130;42.3099975586
10131;42.3099975586
10132;42.4599990845
10133;42.4599990845
10134;42.4599990845
10135;42.3600006104
10136;42.3600006104
10137;42.3600006104
10138;42.4199981689
10139;42.4199981689
10140;42.5799980164
10141;42.6399993896
10142;42.6399993896
10143;42.6399993896
10144;42.6399993896
10145;42.5099983215
10146;42.5099983215
10147;42.5099983215
10148;42.3799972534
10149;42.3799972534
10150;42.4500007629
10151;42.4899978638
10152;42.4899978638
10153;42.4899978638
10154;42.3999977112
10155;42.3999977112
10156;42.3999977112
10157;42.2700004578
10158;42.2700004578
10159;42.2700004578
10160;42.3699989319
10161;42.4099998474
10162;42.4099998474
10163;42.4099998474
10164;42.3400001526
10165;42.3400001526
10166;42.3400001526
10167;43.1699981689
10168;43.1699981689
10169;43.1699981689
10170;42.5400009155
10171;42.5400009155
10172;42.5400009155
10173;42.3299980164
10174;42.3299980164
10175;42.3299980164
10176;42.3299980164
10177;42.1899986267
10178;42.1899986267
10179;42.3299980164
10180;42.3499984741
10181;42.3499984741
10182;42.3499984741
10183;42.3299980164
10184;42.3299980164
10185;42.3299980164
10186;43.0900001526
10187;43.0900001526
10188;43.0900001526
10189;42.4300003052
10190;42.4399986267
10191;42.4399986267
10192;42.4399986267
10193;42.3899993896
10194;42.3899993896
10195;42.3899993896
10196;42.2799987793
10197;42.2799987793
10198;42.2799987793
10199;41.9500007629
10200;41.9500007629
10201;41.9500007629
10202;42.2099990845
10203;42.2099990845
10204;42.2099990845
10205;42.2099990845
10206;42.2799987793
10207;42.2799987793
10208;42.2799987793
10209;42.4599990845
10210;42.4599990845
10211;42.4599990845
10212;42.4799995422
10213;42.4799995422
10214;42.4799995422
10215;42.3199996948
10216;42.3199996948
10217;42.3199996948
10218;42.3199996948
10219;42.3699989319
10220;42.3699989319
10221;42.3699989319
10222;42.5200004578
10223;42.5200004578
10224;42.5200004578
10225;42.3600006104
10226;42.3600006104
10227;42.3600006104
10228;42.4500007629
10229;42.4799995422
10230;42.4799995422
10231;42.5400009155
10232;42.5400009155
10233;42.5400009155
10234;42.5400009155
10235;42.3899993896
10236;42.3899993896
10237;42.3899993896
10238;42.4699974060
10239;42.4699974060
10240;42.4699974060
10241;42.1599998474
10242;42.1599998474
10243;42.1599998474
10244;42.2099990845
10245;42.2099990845
10246;42.2099990845
10247;42.2099990845
10248;42.4199981689
10249;42.4199981689
10250;42.4199981689
10251;42.5499992371
10252;42.5499992371
10253;42.5499992371
10254;42.4399986267
10255;42.4399986267
10256;42.4399986267
10257;42.4500007629
10258;42.5200004578
10259;42.5200004578
10260;42.5799980164
10261;42.5799980164
10262;42.5799980164
10263;42.5799980164
10264;42.4599990845
10265;42.4599990845
10266;42.4599990845
10267;42.3899993896
10268;42.4500007629
10269;42.4500007629
10270;42.5200004578
10271;42.5200004578
10272;42.5200004578
10273;42.1599998474
10274;42.1599998474
10275;42.1599998474
10276;42.1599998474
10277;42.2999992371
10278;42.3799972534
10279;42.3799972534
10280;42.4699974060
10281;42.4699974060
10282;42.4699974060
10283;42.3099975586
10284;42.3099975586
10285;42.3099975586
10286;42.2700004578
10287;42.2700004578
10288;43.1599998474
10289;43.1599998474
10290;42.8799972534
10291;42.8799972534
10292;42.8799972534
10293;42.2700004578
10294;42.2299995422
10295;42.2299995422
10296;42.2700004578
10297;42.2700004578
10298;42.2700004578
10299;42.3999977112
10300;42.3999977112
10301;42.3999977112
10302;42.3099975586
10303;42.2500000000
10304;42.2500000000
10305;42.8799972534
10306;42.8799972534
10307;42.8799972534
10308;42.8799972534
10309;42.4300003052
10310;42.4300003052
10311;42.4300003052
10312;42.4099998474
10313;42.3699989319
10314;42.3699989319
10315;42.4300003052
10316;42.4300003052
10317;42.4300003052
10318;42.4300003052
10319;42.5299987793
10320;42.5299987793
10321;42.5299987793
10322;42.3799972534
10323;42.3299980164
10324;42.3299980164
10325;42.7099990845
10326;42.7099990845
10327;42.7099990845
10328;42.4799995422
10329;42.4799995422
10330;42.4799995422
10331;42.3400001526
10332;42.3400001526
10333;42.3099975586
10334;42.3099975586
10335;42.4099998474
10336;42.4099998474
10337;42.4099998474
10338;42.5499992371
10339;42.5499992371
10340;42.5499992371
10341;42.4099998474
10342;42.4099998474
10343;42.3600006104
10344;42.4399986267
10345;42.4399986267
10346;42.4399986267
10347;42.5699996948
10348;42.5699996948
10349;42.5699996948
10350;42.5699996948
10351;42.3899993896
10352;42.3899993896
10353;42.3400001526
10354;42.3899993896
10355;42.3899993896
10356;42.3899993896
10357;42.4799995422
10358;42.4799995422
10359;42.4799995422
10360;42.4799995422
10361;42.3299980164
10362;42.3299980164
10363;42.3400001526
10364;42.4099998474
10365;42.4099998474
10366;42.4099998474
10367;42.5299987793
10368;42.5299987793
10369;42.5299987793
10370;42.3999977112
10371;42.3999977112
10372;42.3999977112
10373;42.4500007629
10374;42.4500007629
10375;42.4500007629
10376;42.4500007629
10377;42.5499992371
10378;42.5499992371
10379;42.5499992371
10380;42.3699989319
10381;42.3699989319
10382;42.3999977112
10383;42.4300003052
10384;42.4300003052
10385;42.4300003052
10386;42.5400009155
10387;42.5400009155
10388;42.5400009155
10389;42.3699989319
10390;42.3699989319
10391;42.3699989319
10392;42.3999977112
10393;42.4399986267
10394;42.4399986267
10395;42.4399986267
10396;42.5299987793
10397;42.5299987793
10398;42.5299987793
10399;42.3799972534
10400;42.3799972534
10401;42.3799972534
10402;42.4199981689
10403;42.4199981689
10404;42.4199981689
10405;42.4199981689
10406;42.5099983215
10407;42.5099983215
10408;42.5099983215
10409;42.3400001526
10410;42.3400001526
10411;42.3400001526
10412;42.8699989319
10413;42.8699989319
10414;42.8699989319
10415;42.9399986267
10416;42.9399986267
10417;42.9399986267
10418;42.9699974060
10419;42.9699974060
10420;42.9699974060
10421;42.9699974060
10422;43.2399978638
10423;43.2399978638
10424;43.2399978638
10425;42.3299980164
10426;42.3299980164
10427;42.3299980164
10428;41.9699974060
10429;41.9699974060
10430;41.9699974060
10431;41.9699974060
10432;42.3799972534
10433;42.3799972534
10434;42.3799972534
10435;42.4300003052
10436;42.4300003052
10437;42.4300003052
10438;42.2500000000
10439;42.2500000000
10440;42.2500000000
10441;42.2000007629
10442;42.2000007629
10443;42.2000007629
10444;42.4599990845
10445;42.4599990845
10446;42.4599990845
10447;42.4599990845
10448;42.2900009155
10449;42.2900009155
10450;42.2900009155
10451;42.3400001526
10452;42.3400001526
10453;42.3400001526
10454;42.3999977112
10455;42.3999977112
10456;42.3999977112
10457;42.2799987793
10458;42.2799987793
10459;42.2799987793
10460;42.2799987793
10461;42.3400001526
10462;42.3400001526
10463;42.3400001526
10464;42.3999977112
10465;42.3999977112
10466;42.3999977112
10467;42.4500007629
10468;42.4500007629
10469;42.4500007629
10470;42.1299972534
10471;42.1499977112
10472;42.1499977112
10473;42.1499977112
10474;42.3600006104
10475;42.3600006104
10476;42.3600006104
10477;42.8699989319
10478;42.8699989319
10479;42.8699989319
10480;42.2599983215
10481;42.3400001526
10482;42.3400001526
10483;42.3499984741
10484;42.3499984741
10485;42.3499984741
10486;42.3499984741
10487;42.2000007629
10488;42.2000007629
10489;42.2000007629
10490;43.2199974060
10491;43.0900001526
10492;43.0900001526
10493;42.6399993896
10494;42.6399993896
10495;42.6399993896
10496;42.5000000000
10497;42.5000000000
10498;42.5000000000
10499;42.2700004578
10500;42.4199981689
10501;42.4199981689
10502;42.4199981689
10503;42.3999977112
10504;42.3999977112
10505;42.3999977112
10506;42.2599983215
10507;42.2599983215
10508;42.2599983215
10509;42.4099998474
10510;42.4500007629
10511;42.4500007629
10512;42.3699989319
10513;42.3699989319
10514;42.3699989319
10515;42.3699989319
10516;43.1199989319
10517;43.1199989319
10518;43.1199989319
10519;42.1499977112
10520;42.7799987793
10521;42.7799987793
10522;42.2799987793
10523;42.2799987793
10524;42.2799987793
10525;41.9899978638
10526;41.9899978638
10527;41.9899978638
10528;41.9899978638
10529;42.2299995422
10530;42.5699996948
10531;42.5699996948
10532;42.5699996948
10533;42.5699996948
10534;42.5699996948
10535;42.8799972534
10536;42.8799972534
10537;42.8799972534
10538;42.8499984741
10539;42.8499984741
10540;42.7000007629
10541;42.7000007629
10542;42.9199981689
10543;42.9199981689
10544;42.9199981689
10545;42.0699996948
10546;42.1299972534
10547;42.1299972534
10548;42.9500007629
10549;42.9500007629
10550;42.9500007629
10551;42.0499992371
10552;42.0499992371
10553;42.0499992371
10554;42.0499992371
10555;42.2900009155
10556;42.0099983215
10557;42.0099983215
10558;42.1899986267
10559;42.1899986267
10560;42.1899986267
10561;43.1199989319
10562;43.1199989319
10563;43.1199989319
10564;42.8400001526
10565;42.1699981689
10566;42.1699981689
10567;41.9500007629
10568;41.9500007629
10569;41.9500007629
10570;41.9500007629
10571;42.0599975586
10572;42.0599975586
10573;42.0599975586
10574;42.5499992371
10575;42.4599990845
10576;42.4599990845
10577;42.8099975586
10578;42.8099975586
10579;42.8099975586
10580;42.8099975586
10581;42.1499977112
10582;42.1499977112
10583;42.1499977112
10584;42.1499977112
10585;41.7900009155
10586;41.7900009155
10587;41.7900009155
10588;41.7900009155
10589;41.7900009155
10590;41.7900009155
10591;41.7900009155
10592;41.7900009155
10593;41.7900009155
10594;41.7900009155
10595;37.2199974060
10596;37.2199974060
10597;37.2199974060
10598;37.2199974060
10599;37.2199974060
10600;37.2199974060
10601;37.2199974060
10602;37.2199974060
10603;37.2199974060
10604;37.2199974060
10605;34.0200004578
10606;34.0200004578
10607;34.0200004578
10608;34.0200004578
10609;34.0200004578
10610;34.0200004578
10611;34.0200004578
10612;34.0200004578
10613;34.0200004578
10614;34.0200004578
10615;32.0200004578
10616;32.0200004578
10617;32.0200004578
10618;32.0200004578
10619;32.0200004578
10620;32.0200004578
10621;32.0200004578
10622;32.0200004578
10623;32.0200004578
10624;32.0200004578
10625;30.8299999237
10626;30.8299999237
10627;30.8299999237
10628;30.8299999237
10629;30.8299999237
10630;30.8299999237
10631;30.8299999237
10632;30.8299999237
10633;30.8299999237
10634;30.0900001526
10635;30.0900001526
10636;30.0900001526
10637;30.0900001526
10638;30.0900001526
10639;30.0900001526
10640;30.0900001526
10641;30.0900001526
10642;30.0900001526
10643;30.0900001526
10644;29.5799999237
10645;29.5799999237
10646;29.5799999237
10647;29.5799999237
10648;29.5799999237
10649;29.5799999237
10650;29.5799999237
10651;29.5799999237
10652;29.5799999237
10653;29.5799999237
10654;29.2099990845
10655;29.2099990845
10656;29.2099990845
10657;29.2099990845
10658;29.2099990845
10659;29.2099990845
10660;29.2099990845
10661;29.2099990845
10662;29.2099990845
10663;29.2099990845
10664;28.9099998474
10665;28.9099998474
10666;28.9099998474
10667;28.9099998474
10668;28.9099998474
10669;28.9099998474
10670;28.9099998474
10671;28.9099998474
10672;28.9099998474
10673;28.9099998474
10674;28.6499996185
10675;28.6499996185
10676;28.6499996185
10677;28.6499996185
10678;28.6499996185
10679;28.6499996185
10680;28.6499996185
10681;28.6499996185
10682;28.6499996185
10683;28.6499996185
10684;28.4099998474
10685;28.4099998474
10686;28.4099998474
10687;28.4099998474
10688;28.4099998474
10689;28.4099998474
10690;28.4099998474
10691;28.4099998474
10692;28.4099998474
10693;28.1999988556
10694;28.1999988556
10695;28.1999988556
10696;28.1999988556
10697;28.1999988556
10698;28.1999988556
10699;28.1999988556
10700;28.1999988556
10701;28.1999988556
10702;28.1999988556
10703;28.0000000000
10704;28.0000000000
10705;28.0000000000
10706;28.0000000000
10707;28.0000000000
10708;28.0000000000
10709;28.0000000000
10710;28.0000000000
10711;28.0000000000
10712;28.0000000000
10713;27.8400001526
10714;27.8400001526
10715;27.8400001526
10716;27.8400001526
10717;27.8400001526
10718;27.8400001526
10719;27.8400001526
10720;27.8400001526
10721;27.8400001526
10722;27.8400001526
10723;27.6700000763
10724;27.6700000763
10725;27.6700000763
10726;27.6700000763
10727;27.6700000763
10728;27.6700000763
10729;27.6700000763
10730;27.6700000763
10731;27.6700000763
10732;27.6700000763
10733;27.5100002289
10734;27.5100002289
10735;27.5100002289
10736;27.5100002289
10737;27.5100002289
10738;27.5100002289
10739;27.5100002289
10740;27.5100002289
10741;27.5100002289
10742;27.3400001526
10743;27.3400001526
10744;27.3400001526
10745;27.3400001526
10746;27.3400001526
10747;27.3400001526
10748;27.3400001526
10749;27.3400001526
10750;27.3400001526
10751;27.3400001526
10752;27.1999988556
10753;27.1999988556
10754;27.1999988556
10755;27.1999988556
10756;27.1999988556
10757;27.1999988556
10758;27.1999988556
10759;27.1999988556
10760;27.1999988556
10761;27.1999988556
10762;27.0699996948
10763;27.0699996948
10764;27.0699996948
10765;27.0699996948
10766;27.0699996948
10767;27.0699996948
10768;27.0699996948
10769;27.0699996948
10770;27.0699996948
10771;27.0699996948
10772;26.9699993134
10773;26.9699993134
10774;26.9699993134
10775;26.9699993134
10776;26.9699993134
10777;26.9699993134
10778;26.9699993134
10779;26.9699993134
10780;26.9699993134
10781;26.9699993134
10782;26.8699989319
10783;26.8699989319
10784;26.8699989319
10785;26.8699989319
10786;26.8699989319
10787;26.8699989319
10788;26.8699989319
10789;26.8699989319
10790;26.8699989319
10791;26.8699989319
10792;26.7799987793
10793;26.7799987793
10794;26.7799987793
10795;26.7799987793
10796;26.7799987793
10797;26.7799987793
10798;26.7199993134
10799;26.7199993134
10800;26.7199993134
10801;26.7199993134
10802;26.7199993134
10803;26.7199993134
10804;26.7199993134
10805;26.7199993134
10806;26.7199993134
10807;26.6599998474
10808;26.6599998474
10809;26.6599998474
10810;26.6599998474
10811;26.6599998474
10812;26.6599998474
10813;26.6599998474
10814;26.6599998474
10815;26.6599998474
10816;26.6599998474
10817;26.5900001526
10818;26.5900001526
10819;26.5900001526
10820;26.5900001526
10821;26.5900001526
10822;26.5900001526
10823;26.5900001526
10824;26.5900001526
10825;26.5900001526
10826;26.5900001526
10827;26.5100002289
10828;26.5100002289
10829;26.5100002289
10830;26.5100002289
10831;26.5100002289
10832;26.5100002289
10833;26.5100002289
10834;26.5100002289
10835;26.5100002289
10836;26.5100002289
10837;26.4699993134
10838;26.4699993134
10839;26.4699993134
10840;26.4699993134
10841;26.4699993134
10842;26.4699993134
10843;26.4699993134
10844;26.4699993134
10845;26.4699993134
10846;26.4699993134
10847;26.3999996185
10848;26.3999996185
10849;26.3999996185
10850;26.3999996185
10851;26.3999996185
10852;26.3999996185
10853;26.3999996185
10854;26.3999996185
10855;26.3999996185
10856;26.3999996185
10857;26.3899993896
10858;26.3899993896
10859;26.3899993896
10860;26.3899993896
10861;26.3899993896
10862;26.3899993896
10863;26.3899993896
10864;26.3899993896
10865;26.3899993896
10866;26.3899993896
10867;26.3400001526
10868;26.3400001526
10869;26.3400001526
10870;26.3400001526
10871;26.3400001526
10872;26.3400001526
10873;26.3400001526
10874;26.3400001526
10875;26.3400001526
10876;26.2999992371
10877;26.2999992371
10878;26.2999992371
10879;26.2999992371
10880;26.2999992371
10881;26.2999992371
10882;26.2999992371
10883;26.2999992371
10884;26.2999992371
10885;26.2999992371
10886;26.2500000000
10887;26.2500000000
10888;26.2500000000
10889;26.2500000000
10890;26.2500000000
10891;26.2500000000
10892;26.2500000000
10893;26.2500000000
10894;26.2500000000
10895;26.2500000000
10896;26.2199993134
10897;26.2199993134
10898;26.2199993134
10899;26.2199993134
10900;26.2199993134
10901;26.2199993134
10902;26.2199993134
10903;26.2199993134
10904;26.2199993134
10905;26.2199993134
10906;26.1599998474
10907;26.1599998474
10908;26.1599998474
10909;26.1599998474
10910;26.1599998474
10911;26.1599998474
10912;26.1599998474
10913;26.1599998474
10914;26.1599998474
10915;26.1599998474
10916;26.1099987030
10917;26.1099987030
10918;26.1099987030
10919;26.1099987030
10920;26.1099987030
10921;26.1099987030
10922;26.1099987030
10923;26.1099987030
10924;26.1099987030
10925;26.1099987030
10926;26.0699996948
10927;26.0699996948
10928;26.0699996948
10929;26.0699996948
10930;26.0699996948
10931;26.0699996948
10932;26.0699996948
10933;26.0699996948
10934;26.0699996948
10935;26.0699996948
10936;26.0599994659
10937;26.0599994659
10938;26.0599994659
10939;26.0599994659
10940;26.0599994659
10941;26.0599994659
10942;26.0599994659
10943;26.0599994659
10944;26.0599994659
10945;26.0299987793
10946;26.0299987793
10947;26.0299987793
10948;26.0299987793
10949;26.0299987793
10950;26.0299987793
10951;26.0299987793
10952;26.0299987793
10953;26.0299987793
10954;26.0299987793
10955;26.0100002289
10956;26.0100002289
10957;26.0100002289
10958;26.0100002289
10959;26.0100002289
10960;26.0100002289
10961;26.0100002289
10962;26.0100002289
10963;26.0100002289
10964;26.0100002289
10965;25.9499988556
10966;25.9499988556
10967;25.9499988556
10968;25.9499988556
10969;25.9499988556
10970;25.9499988556
10971;25.9499988556
10972;25.9499988556
10973;25.9499988556
10974;25.9499988556
10975;25.9099998474
10976;25.9099998474
10977;25.9099998474
10978;25.9099998474
10979;25.9099998474
10980;25.9099998474
10981;25.9099998474
10982;25.9099998474
10983;25.9099998474
10984;25.9099998474
10985;25.9099998474
10986;25.9099998474
10987;25.9099998474
10988;25.9099998474
10989;25.9099998474
10990;25.9099998474
10991;25.9099998474
10992;25.9099998474
10993;25.9099998474
10994;25.9099998474
10995;25.8799991608
10996;25.8799991608
10997;25.8799991608
10998;25.8799991608
10999;25.8799991608
11000;25.8799991608
11001;25.8799991608
11002;25.8799991608
11003;25.8799991608
11004;25.8699989319
11005;25.8699989319
11006;25.8699989319
11007;25.8699989319
11008;25.8699989319
11009;25.8699989319
11010;25.8699989319
11011;25.8699989319
11012;25.8699989319
11013;25.8699989319
11014;25.8599987030
11015;25.8599987030
11016;25.8599987030
11017;25.8599987030
11018;25.8599987030
11019;25.8599987030
11020;25.8599987030
11021;25.8599987030
11022;25.8599987030
11023;25.8599987030
11024;25.8599987030
11025;25.8599987030
11026;25.8599987030
11027;25.8599987030
11028;25.8599987030
11029;25.8599987030
11030;25.8599987030
11031;25.8599987030
11032;25.8599987030
11033;25.8599987030
11034;25.8400001526
11035;25.8400001526
11036;25.8400001526
11037;25.8400001526
11038;25.8400001526
11039;25.8400001526
11040;25.8400001526
11041;25.8400001526
11042;25.8400001526
11043;25.8400001526
11044;25.8199996948
11045;25.8199996948
11046;25.8199996948
11047;25.8199996948
11048;25.8199996948
11049;25.8199996948
11050;25.8199996948
11051;25.8199996948
11052;25.8199996948
11053;25.8199996948
11054;25.8199996948
11055;25.8199996948
11056;25.8199996948
11057;25.8199996948
11058;25.8199996948
11059;25.8199996948
11060;25.8099994659
11061;25.8099994659
11062;25.8099994659
11063;25.8099994659
11064;25.8099994659
11065;25.8099994659
11066;25.8099994659
11067;25.8099994659
11068;25.8099994659
11069;25.7999992371
11070;25.7999992371
11071;25.7999992371
11072;25.7999992371
11073;25.7999992371
11074;25.7999992371
11075;25.7999992371
11076;25.7999992371
11077;25.7999992371
11078;25.7999992371
11079;25.7899990082
11080;25.7899990082
11081;25.7899990082
11082;25.7899990082
11083;25.7899990082
11084;25.7899990082
11085;25.7899990082
11086;25.7899990082
11087;25.7899990082
11088;25.7899990082
11089;25.7899990082
11090;25.7899990082
11091;25.7899990082
11092;25.7899990082
11093;25.7899990082
11094;25.7899990082
11095;25.7899990082
11096;25.7899990082
11097;25.7899990082
11098;25.7899990082
11099;25.7799987793
11100;25.7799987793
11101;25.7799987793
11102;25.7799987793
11103;25.7799987793
11104;25.7799987793
11105;25.7799987793
11106;25.7799987793
11107;25.7799987793
11108;25.7799987793
11109;25.7500000000
11110;25.7500000000
11111;25.7500000000
11112;25.7500000000
11113;25.7500000000
11114;25.7500000000
11115;25.7500000000
11116;25.7500000000
11117;25.7500000000
11118;25.7500000000
11119;25.7500000000
11120;25.7500000000
11121;25.7500000000
11122;25.7500000000
11123;25.7500000000
11124;25.7500000000
11125;25.7500000000
11126;25.7500000000
11127;25.7500000000
11128;25.7500000000
11129;25.7099990845
11130;25.7099990845
11131;25.7099990845
11132;25.7099990845
11133;25.7099990845
11134;25.7099990845
11135;25.7099990845
11136;25.7099990845
11137;25.7099990845
11138;25.6899986267
11139;25.6899986267
11140;25.6899986267
11141;25.6899986267
11142;25.6899986267
11143;25.6899986267
11144;25.6899986267
11145;25.6899986267
11146;25.6899986267
11147;25.6899986267
11148;25.6999988556
11149;25.6999988556
11150;25.6999988556
11151;25.6999988556
11152;25.6999988556
11153;25.6999988556
11154;25.6999988556
11155;25.6999988556
11156;25.6999988556
11157;25.6999988556
11158;25.6800003052
11159;25.6800003052
11160;25.6800003052
11161;25.6800003052
11162;25.6800003052
11163;25.6800003052
11164;25.6800003052
11165;25.6800003052
11166;25.6800003052
11167;25.6800003052
11168;25.6800003052
11169;25.6800003052
11170;25.6800003052
11171;25.6800003052
11172;25.6800003052
11173;25.6800003052
11174;25.6800003052
11175;25.6800003052
11176;25.6800003052
11177;25.6800003052
11178;25.6700000763
11179;25.6700000763
11180;25.6700000763
11181;25.6700000763
11182;25.6700000763
11183;25.6700000763
11184;25.6700000763
11185;25.6700000763
11186;25.6700000763
11187;25.6700000763
11188;25.6599998474
11189;25.6599998474
11190;25.6599998474
11191;25.6599998474
11192;25.6599998474
11193;25.6599998474
11194;25.6599998474
11195;25.6599998474
11196;25.6599998474
11197;25.6299991608
11198;25.6299991608
11199;25.6299991608
11200;25.6299991608
11201;25.6299991608
11202;25.6299991608
11203;25.6299991608
11204;25.6299991608
11205;25.6299991608
11206;25.6299991608
11207;25.6299991608
11208;25.6299991608
11209;25.6299991608
11210;25.6299991608
11211;25.6299991608
11212;25.6299991608
11213;25.6299991608
11214;25.6299991608
11215;25.6299991608
11216;25.6299991608
11217;25.6099987030
11218;25.6099987030
11219;25.6099987030
11220;25.6099987030
11221;25.6099987030
11222;25.6099987030
11223;25.6099987030
11224;25.6099987030
11225;25.6099987030
11226;25.6099987030
11227;25.6099987030
11228;25.6099987030
11229;25.6099987030
11230;25.6099987030
11231;25.6099987030
11232;25.6099987030
11233;25.6099987030
11234;25.6099987030
11235;25.6099987030
11236;25.6099987030
11237;25.5900001526
11238;25.5900001526
11239;25.5900001526
11240;25.5900001526
11241;25.5900001526
11242;25.5900001526
11243;25.5900001526
11244;25.5900001526
11245;25.5900001526
11246;25.5900001526
11247;25.5699996948
11248;25.5699996948
11249;25.5699996948
11250;25.5699996948
11251;25.5699996948
11252;25.5699996948
11253;25.5699996948
11254;25.5699996948
11255;25.5699996948
11256;25.5499992371
11257;25.5499992371
11258;25.5499992371
11259;25.5499992371
11260;25.5499992371
11261;25.5499992371
11262;25.5499992371
11263;25.5499992371
11264;25.5499992371
11265;25.5499992371
11266;25.5499992371
11267;25.5499992371
11268;25.5499992371
11269;25.5499992371
11270;25.5499992371
11271;25.5499992371
11272;25.5499992371
11273;25.5499992371
11274;25.5499992371
11275;25.5499992371
11276;25.5299987793
11277;25.5299987793
11278;25.5299987793
11279;25.5299987793
11280;25.5299987793
11281;25.5299987793
11282;25.5299987793
11283;25.5299987793
11284;25.5299987793
11285;42.5699996948
11286;41.6800003052
11287;41.6800003052
11288;42.2900009155
11289;42.2900009155
11290;42.2900009155
11291;42.2900009155
11292;42.3699989319
11293;42.3699989319
11294;42.3699989319
11295;42.5299987793
11296;42.6299972534
11297;42.6299972534
11298;42.7999992371
11299;42.7999992371
11300;42.7999992371
11301;42.8799972534
11302;42.8199996948
11303;42.8199996948
11304;42.8199996948
11305;43.5799980164
11306;43.5799980164
11307;43.5799980164
11308;43.3600006104
11309;43.3600006104
11310;43.3600006104
11311;42.5299987793
11312;42.2199974060
11313;42.2199974060
11314;42.5499992371
11315;42.5499992371
11316;42.5499992371
11317;42.4599990845
11318;42.4599990845
11319;42.4599990845
11320;42.4599990845
11321;42.5799980164
11322;42.5799980164
11323;42.5799980164
11324;42.7399978638
11325;42.7399978638
11326;42.7399978638
11327;42.1499977112
11328;42.1499977112
11329;42.1499977112
11330;42.2700004578
11331;42.6800003052
11332;42.6800003052
11333;42.6800003052
11334;42.7399978638
11335;42.7399978638
11336;42.7399978638
11337;42.6599998474
11338;42.6599998474
11339;42.6599998474
11340;42.3899993896
11341;42.3899993896
11342;42.3899993896
11343;42.3899993896
11344;42.5499992371
11345;42.5499992371
11346;42.5499992371
11347;42.7199974060
11348;42.7199974060
11349;42.7199974060
11350;42.0900001526
11351;42.5200004578
11352;42.5200004578
11353;42.4399986267
11354;42.4399986267
11355;42.4399986267
11356;42.4399986267
11357;42.5499992371
11358;42.5499992371
11359;42.5499992371
11360;42.4699974060
11361;42.2099990845
11362;42.2099990845
11363;42.3999977112
11364;42.3999977112
11365;42.3999977112
11366;42.1199989319
11367;42.1199989319
11368;42.1199989319
11369;42.1199989319
11370;42.7700004578
11371;42.1800003052
11372;42.1800003052
11373;42.1499977112
11374;42.1499977112
11375;42.1499977112
11376;42.5299987793
11377;42.5299987793
11378;42.5299987793
11379;42.4300003052
11380;42.4300003052
11381;42.0599975586
11382;42.0599975586
11383;42.4099998474
11384;42.4099998474
11385;42.4099998474
11386;42.2099990845
11387;42.2099990845
11388;42.2099990845
11389;42.1299972534
11390;42.9099998474
11391;42.9099998474
11392;42.9099998474
11393;42.4799995422
11394;42.4799995422
11395;42.4799995422
11396;42.3400001526
11397;42.3400001526
11398;42.3400001526
11399;42.6800003052
11400;42.2299995422
11401;42.2299995422
11402;43.0499992371
11403;43.0499992371
11404;43.0499992371
11405;43.0499992371
11406;42.7399978638
11407;42.7399978638
11408;42.7399978638
11409;42.1299972534
11410;42.2799987793
11411;42.2799987793
11412;42.2000007629
11413;42.2000007629
11414;42.2000007629
11415;42.5000000000
11416;42.5000000000
11417;42.5000000000
11418;42.5000000000
11419;42.1699981689
11420;42.5599975586
11421;42.5599975586
11422;42.7299995422
11423;42.7299995422
11424;42.7299995422
11425;42.5299987793
11426;42.5299987793
11427;42.5299987793
11428;42.1699981689
11429;42.1699981689
11430;42.0799980164
11431;42.0799980164
11432;42.1800003052
11433;42.1800003052
11434;42.1800003052
11435;42.5999984741
11436;42.5999984741
11437;42.5999984741
11438;42.7099990845
11439;42.7099990845
11440;42.1800003052
11441;42.1800003052
11442;42.1599998474
11443;42.1599998474
11444;42.1599998474
11445;42.2299995422
11446;42.2299995422
11447;42.2299995422
11448;42.7099990845
11449;42.7099990845
11450;42.1100006104
11451;42.7900009155
11452;42.7900009155
11453;42.7900009155
11454;42.7900009155
11455;42.5400009155
11456;42.5400009155
11457;42.5400009155
11458;41.9899978638
11459;42.8699989319
11460;42.8699989319
11461;42.3099975586
11462;42.3099975586
11463;42.3099975586
11464;42.5400009155
11465;42.5400009155
11466;42.5400009155
11467;42.5400009155
11468;42.7099990845
11469;42.1899986267
11470;42.1899986267
11471;42.7099990845
11472;42.7099990845
11473;42.7099990845
11474;42.1199989319
11475;42.1199989319
11476;42.1199989319
11477;42.6199989319
11478;42.6199989319
11479;42.2000007629
11480;42.2000007629
11481;42.3199996948
11482;42.3199996948
11483;42.3199996948
11484;42.1100006104
11485;42.1100006104
11486;42.1100006104
11487;42.2500000000
11488;42.2500000000
11489;42.2199974060
11490;42.2199974060
11491;42.1800003052
11492;42.1800003052
11493;42.1800003052
11494;42.8799972534
11495;42.8799972534
11496;42.8799972534
11497;42.1899986267
11498;42.1899986267
11499;42.1599998474
11500;42.7199974060
11501;42.7199974060
11502;42.7199974060
11503;42.7199974060
11504;42.2199974060
11505;42.2199974060
11506;42.2199974060
11507;42.2500000000
11508;42.2500000000
11509;42.4099998474
11510;42.4199981689
11511;42.4199981689
11512;42.4199981689
11513;42.7099990845
11514;42.7099990845
11515;42.7099990845
11516;42.7099990845
11517;42.2399978638
11518;42.8499984741
11519;42.8499984741
11520;42.6100006104
11521;42.6100006104
11522;42.6100006104
11523;42.2500000000
11524;42.2500000000
11525;42.2500000000
11526;42.2500000000
11527;42.2500000000
11528;42.6699981689
11529;42.6699981689
11530;42.2299995422
11531;42.2299995422
11532;42.2299995422
11533;42.2900009155
11534;42.2900009155
11535;42.2900009155
11536;42.2000007629
11537;42.2000007629
11538;42.3199996948
11539;42.3199996948
11540;42.8199996948
11541;42.8199996948
11542;42.8199996948
11543;42.2700004578
11544;42.2700004578
11545;42.2700004578
11546;42.7099990845
11547;42.7099990845
11548;42.2999992371
11549;42.2799987793
11550;42.2799987793
11551;42.2799987793
11552;42.2799987793
11553;42.2000007629
11554;42.7500000000
11555;42.7500000000
11556;42.1599998474
11557;42.1599998474
11558;42.1599998474
11559;42.6699981689
11560;42.6699981689
11561;42.6699981689
11562;42.2799987793
11563;42.2799987793
11564;42.6599998474
11565;42.6599998474
11566;42.3899993896
11567;42.3899993896
11568;42.3899993896
11569;41.9699974060
11570;41.9699974060
11571;41.9699974060
11572;42.2199974060
11573;42.2199974060
11574;42.1299972534
11575;42.6599998474
11576;42.6599998474
11577;42.6599998474
11578;42.6599998474
11579;42.2799987793
11580;42.2799987793
11581;42.2799987793
11582;42.6599998474
11583;42.6599998474
11584;42.1299972534
11585;42.2199974060
11586;42.2199974060
11587;42.2199974060
11588;42.2199974060
11589;42.3299980164
11590;42.3299980164
11591;42.3299980164
11592;42.2099990845
11593;42.7900009155
11594;42.7900009155
11595;42.3600006104
11596;42.3600006104
11597;42.3600006104
11598;42.6899986267
11599;42.6899986267
11600;42.6899986267
11601;42.6899986267
11602;42.1899986267
11603;42.2999992371
11604;42.2999992371
11605;42.3799972534
11606;42.3799972534
11607;42.3799972534
11608;42.3400001526
11609;42.3400001526
11610;42.3400001526
11611;42.3199996948
11612;42.3199996948
11613;42.1499977112
11614;42.1499977112
11615;42.6699981689
11616;42.6699981689
11617;42.6699981689
11618;42.3600006104
11619;42.3600006104
11620;42.3600006104
11621;41.9699974060
11622;41.9699974060
11623;42.2000007629
11624;41.9099998474
11625;41.9099998474
11626;41.9099998474
11627;41.9099998474
11628;42.7000007629
11629;42.7000007629
11630;42.7000007629
11631;42.3600006104
11632;42.3600006104
11633;42.2000007629
11634;42.5000000000
11635;42.5000000000
11636;42.5000000000
11637;42.5000000000
11638;42.3999977112
11639;42.3999977112
11640;42.3999977112
11641;42.2299995422
11642;42.2299995422
11643;42.3999977112
11644;42.6299972534
11645;42.6299972534
11646;42.6299972534
11647;42.3600006104
11648;42.3600006104
11649;42.3600006104
11650;42.3600006104
11651;42.1800003052
11652;42.7399978638
11653;42.7399978638
11654;42.1899986267
11655;42.1899986267
11656;42.1899986267
11657;42.3499984741
11658;42.3499984741
11659;42.3499984741
11660;42.2000007629
11661;42.2000007629
11662;42.8899993896
11663;42.8899993896
11664;42.1899986267
11665;42.1899986267
11666;42.1899986267
11667;42.3699989319
11668;42.3699989319
11669;42.3699989319
11670;42.7900009155
11671;42.7900009155
11672;41.9500007629
11673;42.6499977112
11674;42.6499977112
11675;42.6499977112
11676;42.6499977112
11677;42.2700004578
11678;42.2700004578
11679;42.2700004578
11680;42.2199974060
11681;42.2199974060
11682;42.1299972534
11683;42.6100006104
11684;42.6100006104
11685;42.6100006104
11686;42.6100006104
11687;42.3400001526
11688;42.3400001526
11689;42.3400001526
11690;42.6100006104
11691;42.6100006104
11692;42.7500000000
11693;42.2000007629
11694;42.2000007629
11695;42.2000007629
11696;42.6800003052
11697;42.6800003052
11698;42.6800003052
11699;42.6800003052
11700;42.0999984741
11701;42.0999984741
11702;42.1199989319
11703;42.0900001526
11704;42.0900001526
11705;42.0900001526
11706;42.3099975586
11707;42.3099975586
11708;42.3099975586
11709;41.9500007629
11710;41.9500007629
11711;41.9500007629
11712;43.1599998474
11713;41.9500007629
11714;41.9500007629
11715;41.9500007629
11716;42.8699989319
11717;42.8699989319
11718;42.8699989319
11719;42.0999984741
11720;42.0999984741
11721;42.0999984741
11722;42.2399978638
11723;42.8799972534
11724;42.8799972534
11725;42.8799972534
11726;42.6100006104
11727;42.6100006104
11728;42.6100006104
11729;42.1399993896
11730;42.1399993896
11731;42.1899986267
11732;42.5099983215
11733;42.5099983215
11734;42.5099983215
11735;42.5099983215
11736;42.2399978638
11737;42.2399978638
11738;42.2399978638
11739;42.4399986267
11740;42.4399986267
11741;42.2500000000
11742;42.2599983215
11743;42.2599983215
11744;42.2599983215
11745;42.5499992371
11746;42.5499992371
11747;42.5499992371
11748;42.5499992371
11749;42.5299987793
11750;42.5299987793
11751;42.2000007629
11752;42.2500000000
11753;42.2500000000
11754;42.2500000000
11755;42.2999992371
11756;42.2999992371
11757;42.2999992371
11758;42.2000007629
11759;42.2000007629
11760;42.2000007629
11761;41.8899993896
11762;42.4799995422
11763;42.4799995422
11764;42.4799995422
11765;42.3799972534
11766;42.3799972534
11767;42.3799972534
11768;42.5900001526
11769;42.5900001526
11770;42.5900001526
11771;42.6399993896
11772;42.2099990845
11773;42.2099990845
11774;42.2099990845
11775;42.2000007629
11776;42.2000007629
11777;42.2000007629
11778;42.2000007629
11779;42.2000007629
11780;42.2000007629
11781;42.4199981689
11782;42.4199981689
11783;42.4199981689
11784;42.4199981689
11785;42.7099990845
11786;42.7099990845
11787;42.7099990845
11788;42.7299995422
11789;42.7299995422
11790;42.4199981689
11791;42.8400001526
11792;42.8400001526
11793;42.8400001526
11794;42.2099990845
11795;42.2099990845
11796;42.2099990845
11797;42.2099990845
11798;42.3099975586
11799;42.3099975586
11800;42.7599983215
11801;42.3499984741
11802;42.3499984741
11803;42.3499984741
11804;42.3499984741
11805;42.3499984741
11806;40.0999984741
11807;40.0999984741
11808;40.0999984741
11809;40.0999984741
11810;40.0999984741
