Time,room_radiator_window_withoutpe.room_temperature
8000,21.25
8001,21.2389
8001,21.2389
8002,21.2279
8002,21.2279
8003,21.2169
8003,21.2169
8004,21.206
8004,21.206
8005,21.1951
8005,21.1951
8006,21.1842
8006,21.1842
8007,21.1734
8007,21.1734
8008,21.1626
8008,21.1626
8009,21.1518
8009,21.1518
8010,21.1411
8010,21.1411
8011,21.1303
8011,21.1303
8012,21.1197
8012,21.1197
8013,21.109
8013,21.109
8014,21.0984
8014,21.0984
8015,21.0879
8015,21.0879
8016,21.0775
8016,21.0775
8017,21.067
8017,21.067
8018,21.0566
8018,21.0566
8019,21.0462
8019,21.0462
8020,21.0359
8020,21.0359
8021,21.0256
8021,21.0256
8022,21.0153
8022,21.0153
8023,21.005
8023,21.005
8024,20.9949
8024,20.9949
8025,20.9849
8025,20.9849
8026,20.975
8026,20.975
8027,20.9651
8027,20.9651
8028,20.9552
8028,20.9552
8029,20.9453
8029,20.9453
8030,20.9355
8030,20.9355
8031,20.9257
8031,20.9257
8032,20.9159
8032,20.9159
8033,20.9062
8033,20.9062
8034,20.8966
8034,20.8966
8035,20.8872
8035,20.8872
8036,20.8779
8036,20.8779
8037,20.8685
8037,20.8685
8038,20.8592
8038,20.8592
8039,20.85
8039,20.85
8040,20.8407
8040,20.8407
8041,20.8315
8041,20.8315
8042,20.8223
8042,20.8223
8043,20.8132
8043,20.8132
8044,20.8041
8044,20.8041
8045,20.795
8045,20.795
8046,20.786
8046,20.786
8047,20.777
8047,20.777
8048,20.768
8048,20.768
8049,20.7591
8049,20.7591
8050,20.7502
8050,20.7502
8051,20.7413
8051,20.7413
8052,20.7324
8052,20.7324
8053,20.7236
8053,20.7236
8054,20.7148
8054,20.7148
8055,20.7061
8055,20.7061
8056,20.6974
8056,20.6974
8057,20.6887
8057,20.6887
8058,20.6801
8058,20.6801
8059,20.6715
8059,20.6715
8060,20.6629
8060,20.6629
8061,20.6543
8061,20.6543
8062,20.6458
8062,20.6458
8063,20.6374
8063,20.6374
8064,20.6292
8064,20.6292
8065,20.621
8065,20.621
8066,20.6128
8066,20.6128
8067,20.6046
8067,20.6046
8068,20.5965
8068,20.5965
8069,20.5884
8069,20.5884
8070,20.5803
8070,20.5803
8071,20.5723
8071,20.5723
8072,20.5643
8072,20.5643
8073,20.5564
8073,20.5564
8074,20.5489
8074,20.5489
8075,20.5413
8075,20.5413
8076,20.5338
8076,20.5338
8077,20.5262
8077,20.5262
8078,20.5188
8078,20.5188
8079,20.5113
8079,20.5113
8080,20.5038
8080,20.5038
8081,20.4964
8081,20.4964
8082,20.489
8082,20.489
8083,20.4818
8083,20.4818
8084,20.4749
8084,20.4749
8085,20.468
8085,20.468
8086,20.4611
8086,20.4611
8087,20.4543
8087,20.4543
8088,20.4474
8088,20.4474
8089,20.4406
8089,20.4406
8090,20.4338
8090,20.4338
8091,20.4271
8091,20.4271
8092,20.4203
8092,20.4203
8093,20.4138
8093,20.4138
8094,20.4076
8094,20.4076
8095,20.4014
8095,20.4014
8096,20.3953
8096,20.3953
8097,20.3891
8097,20.3891
8098,20.383
8098,20.383
8099,20.3769
8099,20.3769
8100,20.3708
8100,20.3708
8101,20.3647
8101,20.3647
8102,20.3587
8102,20.3587
8103,20.3528
8103,20.3528
8104,20.3471
8104,20.3471
8105,20.3414
8105,20.3414
8106,20.3358
8106,20.3358
8107,20.3301
8107,20.3301
8108,20.3245
8108,20.3245
8109,20.3189
8109,20.3189
8110,20.3133
8110,20.3133
8111,20.3077
8111,20.3077
8112,20.302
8112,20.302
8113,20.2962
8113,20.2962
8114,20.2905
8114,20.2905
8115,20.2847
8115,20.2847
8116,20.279
8116,20.279
8117,20.2733
8117,20.2733
8118,20.2676
8118,20.2676
8119,20.262
8119,20.262
8120,20.2563
8120,20.2563
8121,20.2507
8121,20.2507
8122,20.2449
8122,20.2449
8123,20.239
8123,20.239
8124,20.2332
8124,20.2332
8125,20.2273
8125,20.2273
8126,20.2215
8126,20.2215
8127,20.2157
8127,20.2157
8128,20.2099
8128,20.2099
8129,20.2041
8129,20.2041
8130,20.1983
8130,20.1983
8131,20.1926
8131,20.1926
8132,20.1869
8132,20.1869
8133,20.1812
8133,20.1812
8134,20.1756
8134,20.1756
8135,20.17
8135,20.17
8136,20.1644
8136,20.1644
8137,20.1589
8137,20.1589
8138,20.1533
8138,20.1533
8139,20.1478
8139,20.1478
8140,20.1423
8140,20.1423
8141,20.1368
8141,20.1368
8142,20.1313
8142,20.1313
8143,20.1257
8143,20.1257
8144,20.1202
8144,20.1202
8145,20.1147
8145,20.1147
8146,20.1092
8146,20.1092
8147,20.1037
8147,20.1037
8148,20.0982
8148,20.0982
8149,20.0928
8149,20.0928
8150,20.0874
8150,20.0874
8151,20.082
8151,20.082
8152,20.0765
8152,20.0765
8153,20.0709
8153,20.0709
8154,20.0653
8154,20.0653
8155,20.0598
8155,20.0598
8156,20.0543
8156,20.0543
8157,20.0488
8157,20.0488
8158,20.0433
8158,20.0433
8159,20.0378
8159,20.0378
8160,20.0324
8160,20.0324
8161,20.0269
8161,20.0269
8162,20.0214
8162,20.0214
8163,20.0159
8163,20.0159
8164,20.0103
8164,20.0103
8165,20.0048
8165,20.0048
8166,19.9993
8166,19.9993
8167,19.9938
8167,19.9938
8168,19.9883
8168,19.9883
8169,19.9829
8169,19.9829
8170,19.9774
8170,19.9774
8171,19.972
8171,19.972
8172,19.9667
8172,19.9667
8173,19.9615
8173,19.9615
8174,19.9562
8174,19.9562
8175,19.9511
8175,19.9511
8176,19.9459
8176,19.9459
8177,19.9407
8177,19.9407
8178,19.9356
8178,19.9356
8179,19.9304
8179,19.9304
8180,19.9253
8180,19.9253
8181,19.9201
8181,19.9201
8182,19.9149
8182,19.9149
8183,19.9097
8183,19.9097
8184,19.9045
8184,19.9045
8185,19.8993
8185,19.8993
8186,19.8942
8186,19.8942
8187,19.889
8187,19.889
8188,19.8839
8188,19.8839
8189,19.8788
8189,19.8788
8190,19.8737
8190,19.8737
8191,19.8687
8191,19.8687
8192,19.8637
8192,19.8637
8193,19.8588
8193,19.8588
8194,19.8539
8194,19.8539
8195,19.849
8195,19.849
8196,19.8442
8196,19.8442
8197,19.8393
8197,19.8393
8198,19.8345
8198,19.8345
8199,19.8297
8199,19.8297
8200,19.8248
8200,19.8248
8201,19.8201
8201,19.8201
8202,19.8155
8202,19.8155
8203,19.8108
8203,19.8108
8204,19.8062
8204,19.8062
8205,19.8016
8205,19.8016
8206,19.797
8206,19.797
8207,19.7924
8207,19.7924
8208,19.7879
8208,19.7879
8209,19.7833
8209,19.7833
8210,19.7788
8210,19.7788
8211,19.7743
8211,19.7743
8212,19.7699
8212,19.7699
8213,19.7655
8213,19.7655
8214,19.7612
8214,19.7612
8215,19.7568
8215,19.7568
8216,19.7525
8216,19.7525
8217,19.7481
8217,19.7481
8218,19.7438
8218,19.7438
8219,19.7395
8219,19.7395
8220,19.7352
8220,19.7352
8221,19.731
8221,19.731
8222,19.7268
8222,19.7268
8223,19.7227
8223,19.7227
8224,19.7185
8224,19.7185
8225,19.7144
8225,19.7144
8226,19.7103
8226,19.7103
8227,19.7061
8227,19.7061
8228,19.702
8228,19.702
8229,19.698
8229,19.698
8230,19.6939
8230,19.6939
8231,19.6899
8231,19.6899
8232,19.686
8232,19.686
8233,19.6821
8233,19.6821
8234,19.6782
8234,19.6782
8235,19.6743
8235,19.6743
8236,19.6705
8236,19.6705
8237,19.6666
8237,19.6666
8238,19.6628
8238,19.6628
8239,19.659
8239,19.659
8240,19.6552
8240,19.6552
8241,19.6516
8241,19.6516
8242,19.6482
8242,19.6482
8243,19.6448
8243,19.6448
8244,19.6415
8244,19.6415
8245,19.6381
8245,19.6381
8246,19.6348
8246,19.6348
8247,19.6315
8247,19.6315
8248,19.6281
8248,19.6281
8249,19.6248
8249,19.6248
8250,19.6216
8250,19.6216
8251,19.6185
8251,19.6185
8252,19.6154
8252,19.6154
8253,19.6123
8253,19.6123
8254,19.6092
8254,19.6092
8255,19.6061
8255,19.6061
8256,19.603
8256,19.603
8257,19.5999
8257,19.5999
8258,19.5968
8258,19.5968
8259,19.5938
8259,19.5938
8260,19.5906
8260,19.5906
8261,19.5873
8261,19.5873
8262,19.584
8262,19.584
8263,19.5806
8263,19.5806
8264,19.5773
8264,19.5773
8265,19.5741
8265,19.5741
8266,19.5708
8266,19.5708
8267,19.5675
8267,19.5675
8268,19.5642
8268,19.5642
8269,19.561
8269,19.561
8270,19.5577
8270,19.5577
8271,19.5543
8271,19.5543
8272,19.551
8272,19.551
8273,19.5477
8273,19.5477
8274,19.5443
8274,19.5443
8275,19.541
8275,19.541
8276,19.5377
8276,19.5377
8277,19.5344
8277,19.5344
8278,19.5311
8278,19.5311
8279,19.5279
8279,19.5279
8280,19.5245
8280,19.5245
8281,19.5212
8281,19.5212
8282,19.5179
8282,19.5179
8283,19.5145
8283,19.5145
8284,19.5112
8284,19.5112
8285,19.5079
8285,19.5079
8286,19.5046
8286,19.5046
8287,19.5013
8287,19.5013
8288,19.498
8288,19.498
8289,19.4947
8289,19.4947
8290,19.4914
8290,19.4914
8291,19.4879
8291,19.4879
8292,19.4845
8292,19.4845
8293,19.4811
8293,19.4811
8294,19.4777
8294,19.4777
8295,19.4743
8295,19.4743
8296,19.4709
8296,19.4709
8297,19.4675
8297,19.4675
8298,19.4641
8298,19.4641
8299,19.4608
8299,19.4608
8300,19.4574
8300,19.4574
8301,19.4539
8301,19.4539
8302,19.4504
8302,19.4504
8303,19.4469
8303,19.4469
8304,19.4434
8304,19.4434
8305,19.4399
8305,19.4399
8306,19.4365
8306,19.4365
8307,19.433
8307,19.433
8308,19.4296
8308,19.4296
8309,19.4262
8309,19.4262
8310,19.4228
8310,19.4228
8311,19.4194
8311,19.4194
8312,19.416
8312,19.416
8313,19.4127
8313,19.4127
8314,19.4093
8314,19.4093
8315,19.406
8315,19.406
8316,19.4027
8316,19.4027
8317,19.3994
8317,19.3994
8318,19.3961
8318,19.3961
8319,19.3928
8319,19.3928
8320,19.3896
8320,19.3896
8321,19.3865
8321,19.3865
8322,19.3833
8322,19.3833
8323,19.3801
8323,19.3801
8324,19.377
8324,19.377
8325,19.3739
8325,19.3739
8326,19.3707
8326,19.3707
8327,19.3676
8327,19.3676
8328,19.3645
8328,19.3645
8329,19.3615
8329,19.3615
8330,19.3586
8330,19.3586
8331,19.3556
8331,19.3556
8332,19.3527
8332,19.3527
8333,19.3498
8333,19.3498
8334,19.3469
8334,19.3469
8335,19.344
8335,19.344
8336,19.3411
8336,19.3411
8337,19.3383
8337,19.3383
8338,19.3354
8338,19.3354
8339,19.3328
8339,19.3328
8340,19.3305
8340,19.3305
8341,19.3281
8341,19.3281
8342,19.3258
8342,19.3258
8343,19.3235
8343,19.3235
8344,19.3212
8344,19.3212
8345,19.3189
8345,19.3189
8346,19.3166
8346,19.3166
8347,19.3144
8347,19.3144
8348,19.3121
8348,19.3121
8349,19.3099
8349,19.3099
8350,19.3078
8350,19.3078
8351,19.3058
8351,19.3058
8352,19.3037
8352,19.3037
8353,19.3016
8353,19.3016
8354,19.2996
8354,19.2996
8355,19.2976
8355,19.2976
8356,19.2955
8356,19.2955
8357,19.2935
8357,19.2935
8358,19.2914
8358,19.2914
8359,19.2897
8359,19.2897
8360,19.2882
8360,19.2882
8361,19.2868
8361,19.2868
8362,19.2853
8362,19.2853
8363,19.2839
8363,19.2839
8364,19.2824
8364,19.2824
8365,19.281
8365,19.281
8366,19.2796
8366,19.2796
8367,19.2781
8367,19.2781
8368,19.2767
8368,19.2767
8369,19.2755
8369,19.2755
8370,19.2746
8370,19.2746
8371,19.2736
8371,19.2736
8372,19.2727
8372,19.2727
8373,19.2718
8373,19.2718
8374,19.2708
8374,19.2708
8375,19.2699
8375,19.2699
8376,19.269
8376,19.269
8377,19.2681
8377,19.2681
8378,19.2671
8378,19.2671
8379,19.2661
8379,19.2661
8380,19.2651
8380,19.2651
8381,19.2641
8381,19.2641
8382,19.2631
8382,19.2631
8383,19.2621
8383,19.2621
8384,19.2611
8384,19.2611
8385,19.2602
8385,19.2602
8386,19.2592
8386,19.2592
8387,19.2582
8387,19.2582
8388,19.2573
8388,19.2573
8389,19.2565
8389,19.2565
8390,19.2557
8390,19.2557
8391,19.255
8391,19.255
8392,19.2542
8392,19.2542
8393,19.2534
8393,19.2534
8394,19.2526
8394,19.2526
8395,19.2518
8395,19.2518
8396,19.251
8396,19.251
8397,19.2503
8397,19.2503
8398,19.2494
8398,19.2494
8399,19.2484
8399,19.2484
8400,19.2474
8400,19.2474
8401,19.2464
8401,19.2464
8402,19.2454
8402,19.2454
8403,19.2444
8403,19.2444
8404,19.2434
8404,19.2434
8405,19.2424
8405,19.2424
8406,19.2415
8406,19.2415
8407,19.2405
8407,19.2405
8408,19.2393
8408,19.2393
8409,19.2381
8409,19.2381
8410,19.2368
8410,19.2368
8411,19.2355
8411,19.2355
8412,19.2343
8412,19.2343
8413,19.233
8413,19.233
8414,19.2317
8414,19.2317
8415,19.2305
8415,19.2305
8416,19.2292
8416,19.2292
8417,19.228
8417,19.228
8418,19.2268
8418,19.2268
8419,19.2256
8419,19.2256
8420,19.2245
8420,19.2245
8421,19.2234
8421,19.2234
8422,19.2223
8422,19.2223
8423,19.2212
8423,19.2212
8424,19.22
8424,19.22
8425,19.2189
8425,19.2189
8426,19.2178
8426,19.2178
8427,19.2167
8427,19.2167
8428,19.2156
8428,19.2156
8429,19.2145
8429,19.2145
8430,19.2134
8430,19.2134
8431,19.2123
8431,19.2123
8432,19.2112
8432,19.2112
8433,19.2101
8433,19.2101
8434,19.209
8434,19.209
8435,19.2079
8435,19.2079
8436,19.2068
8436,19.2068
8437,19.2058
8437,19.2058
8438,19.2047
8438,19.2047
8439,19.2037
8439,19.2037
8440,19.2026
8440,19.2026
8441,19.2016
8441,19.2016
8442,19.2006
8442,19.2006
8443,19.1995
8443,19.1995
8444,19.1985
8444,19.1985
8445,19.1975
8445,19.1975
8446,19.1964
8446,19.1964
8447,19.1954
8447,19.1954
8448,19.1944
8448,19.1944
8449,19.1933
8449,19.1933
8450,19.1923
8450,19.1923
8451,19.1912
8451,19.1912
8452,19.1902
8452,19.1902
8453,19.1892
8453,19.1892
8454,19.1881
8454,19.1881
8455,19.1871
8455,19.1871
8456,19.1861
8456,19.1861
8457,19.1852
8457,19.1852
8458,19.1845
8458,19.1845
8459,19.1837
8459,19.1837
8460,19.183
8460,19.183
8461,19.1823
8461,19.1823
8462,19.1815
8462,19.1815
8463,19.1808
8463,19.1808
8464,19.1801
8464,19.1801
8465,19.1794
8465,19.1794
8466,19.1786
8466,19.1786
8467,19.1779
8467,19.1779
8468,19.1772
8468,19.1772
8469,19.1764
8469,19.1764
8470,19.1757
8470,19.1757
8471,19.175
8471,19.175
8472,19.1742
8472,19.1742
8473,19.1735
8473,19.1735
8474,19.1728
8474,19.1728
8475,19.1721
8475,19.1721
8476,19.1714
8476,19.1714
8477,19.1706
8477,19.1706
8478,19.1697
8478,19.1697
8479,19.1688
8479,19.1688
8480,19.1679
8480,19.1679
8481,19.1671
8481,19.1671
8482,19.1662
8482,19.1662
8483,19.1653
8483,19.1653
8484,19.1645
8484,19.1645
8485,19.1636
8485,19.1636
8486,19.1627
8486,19.1627
8487,19.1619
8487,19.1619
8488,19.1611
8488,19.1611
8489,19.1602
8489,19.1602
8490,19.1594
8490,19.1594
8491,19.1586
8491,19.1586
8492,19.1578
8492,19.1578
8493,19.157
8493,19.157
8494,19.1561
8494,19.1561
8495,19.1553
8495,19.1553
8496,19.1545
8496,19.1545
8497,19.1535
8497,19.1535
8498,19.1523
8498,19.1523
8499,19.1512
8499,19.1512
8500,19.15
8500,19.15
8501,19.1488
8501,19.1488
8502,19.1477
8502,19.1477
8503,19.1465
8503,19.1465
8504,19.1453
8504,19.1453
8505,19.1442
8505,19.1442
8506,19.143
8506,19.143
8507,19.142
8507,19.142
8508,19.1411
8508,19.1411
8509,19.1402
8509,19.1402
8510,19.1394
8510,19.1394
8511,19.1385
8511,19.1385
8512,19.1376
8512,19.1376
8513,19.1367
8513,19.1367
8514,19.1359
8514,19.1359
8515,19.135
8515,19.135
8516,19.1341
8516,19.1341
8517,19.1333
8517,19.1333
8518,19.1325
8518,19.1325
8519,19.1317
8519,19.1317
8520,19.1309
8520,19.1309
8521,19.1301
8521,19.1301
8522,19.1293
8522,19.1293
8523,19.1285
8523,19.1285
8524,19.1276
8524,19.1276
8525,19.1268
8525,19.1268
8526,19.126
8526,19.126
8527,19.125
8527,19.125
8528,19.1241
8528,19.1241
8529,19.1231
8529,19.1231
8530,19.1222
8530,19.1222
8531,19.1212
8531,19.1212
8532,19.1203
8532,19.1203
8533,19.1194
8533,19.1194
8534,19.1184
8534,19.1184
8535,19.1175
8535,19.1175
8536,19.1165
8536,19.1165
8537,19.1155
8537,19.1155
8538,19.1145
8538,19.1145
8539,19.1134
8539,19.1134
8540,19.1124
8540,19.1124
8541,19.1114
8541,19.1114
8542,19.1104
8542,19.1104
8543,19.1093
8543,19.1093
8544,19.1083
8544,19.1083
8545,19.1073
8545,19.1073
8546,19.1063
8546,19.1063
8547,19.1052
8547,19.1052
8548,19.1042
8548,19.1042
8549,19.1031
8549,19.1031
8550,19.1021
8550,19.1021
8551,19.101
8551,19.101
8552,19.1
8552,19.1
8553,19.0989
8553,19.0989
8554,19.0979
8554,19.0979
8555,19.0968
8555,19.0968
8556,19.0958
8556,19.0958
8557,19.0947
8557,19.0947
8558,19.0936
8558,19.0936
8559,19.0925
8559,19.0925
8560,19.0914
8560,19.0914
8561,19.0903
8561,19.0903
8562,19.0893
8562,19.0893
8563,19.0882
8563,19.0882
8564,19.0871
8564,19.0871
8565,19.0861
8565,19.0861
8566,19.0849
8566,19.0849
8567,19.0838
8567,19.0838
8568,19.0826
8568,19.0826
8569,19.0814
8569,19.0814
8570,19.0802
8570,19.0802
8571,19.0791
8571,19.0791
8572,19.0779
8572,19.0779
8573,19.0767
8573,19.0767
8574,19.0756
8574,19.0756
8575,19.0744
8575,19.0744
8576,19.0732
8576,19.0732
8577,19.072
8577,19.072
8578,19.0708
8578,19.0708
8579,19.0696
8579,19.0696
8580,19.0684
8580,19.0684
8581,19.0672
8581,19.0672
8582,19.066
8582,19.066
8583,19.0648
8583,19.0648
8584,19.0636
8584,19.0636
8585,19.0624
8585,19.0624
8586,19.0612
8586,19.0612
8587,19.06
8587,19.06
8588,19.0588
8588,19.0588
8589,19.0577
8589,19.0577
8590,19.0565
8590,19.0565
8591,19.0553
8591,19.0553
8592,19.0541
8592,19.0541
8593,19.053
8593,19.053
8594,19.0518
8594,19.0518
8595,19.0506
8595,19.0506
8596,19.0494
8596,19.0494
8597,19.0482
8597,19.0482
8598,19.047
8598,19.047
8599,19.0458
8599,19.0458
8600,19.0446
8600,19.0446
8601,19.0434
8601,19.0434
8602,19.0422
8602,19.0422
8603,19.041
8603,19.041
8604,19.0398
8604,19.0398
8605,19.0386
8605,19.0386
8606,19.0373
8606,19.0373
8607,19.036
8607,19.036
8608,19.0347
8608,19.0347
8609,19.0334
8609,19.0334
8610,19.0321
8610,19.0321
8611,19.0308
8611,19.0308
8612,19.0295
8612,19.0295
8613,19.0283
8613,19.0283
8614,19.027
8614,19.027
8615,19.0257
8615,19.0257
8616,19.0243
8616,19.0243
8617,19.023
8617,19.023
8618,19.0216
8618,19.0216
8619,19.0203
8619,19.0203
8620,19.019
8620,19.019
8621,19.0176
8621,19.0176
8622,19.0163
8622,19.0163
8623,19.015
8623,19.015
8624,19.0137
8624,19.0137
8625,19.0124
8625,19.0124
8626,19.0112
8626,19.0112
8627,19.0099
8627,19.0099
8628,19.0087
8628,19.0087
8629,19.0075
8629,19.0075
8630,19.0062
8630,19.0062
8631,19.005
8631,19.005
8632,19.0038
8632,19.0038
8633,19.0026
8633,19.0026
8634,19.0014
8634,19.0014
8635,19.0002
8635,19.0002
8636,18.9989
8636,18.9989
8637,18.9977
8637,18.9977
8638,18.9965
8638,18.9965
8639,18.9953
8639,18.9953
8640,18.9941
8640,18.9941
8641,18.9929
8641,18.9929
8642,18.9918
8642,18.9918
8643,18.9906
8643,18.9906
8644,18.9893
8644,18.9893
8645,18.988
8645,18.988
8646,18.9867
8646,18.9867
8647,18.9853
8647,18.9853
8648,18.984
8648,18.984
8649,18.9827
8649,18.9827
8650,18.9814
8650,18.9814
8651,18.9801
8651,18.9801
8652,18.9788
8652,18.9788
8653,18.9775
8653,18.9775
8654,18.9763
8654,18.9763
8655,18.9752
8655,18.9752
8656,18.974
8656,18.974
8657,18.9729
8657,18.9729
8658,18.9718
8658,18.9718
8659,18.9707
8659,18.9707
8660,18.9696
8660,18.9696
8661,18.9684
8661,18.9684
8662,18.9673
8662,18.9673
8663,18.9662
8663,18.9662
8664,18.9652
8664,18.9652
8665,18.9641
8665,18.9641
8666,18.9631
8666,18.9631
8667,18.9621
8667,18.9621
8668,18.9611
8668,18.9611
8669,18.9601
8669,18.9601
8670,18.9591
8670,18.9591
8671,18.9581
8671,18.9581
8672,18.9571
8672,18.9571
8673,18.9561
8673,18.9561
8674,18.955
8674,18.955
8675,18.9539
8675,18.9539
8676,18.9527
8676,18.9527
8677,18.9516
8677,18.9516
8678,18.9504
8678,18.9504
8679,18.9493
8679,18.9493
8680,18.9481
8680,18.9481
8681,18.947
8681,18.947
8682,18.9458
8682,18.9458
8683,18.9447
8683,18.9447
8684,18.9436
8684,18.9436
8685,18.9425
8685,18.9425
8686,18.9413
8686,18.9413
8687,18.9402
8687,18.9402
8688,18.9391
8688,18.9391
8689,18.938
8689,18.938
8690,18.9369
8690,18.9369
8691,18.9358
8691,18.9358
8692,18.9347
8692,18.9347
8693,18.9336
8693,18.9336
8694,18.9326
8694,18.9326
8695,18.9315
8695,18.9315
8696,18.9305
8696,18.9305
8697,18.9295
8697,18.9295
8698,18.9284
8698,18.9284
8699,18.9274
8699,18.9274
8700,18.9264
8700,18.9264
8701,18.9254
8701,18.9254
8702,18.9243
8702,18.9243
8703,18.9233
8703,18.9233
8704,18.9222
8704,18.9222
8705,18.9211
8705,18.9211
8706,18.92
8706,18.92
8707,18.9189
8707,18.9189
8708,18.9178
8708,18.9178
8709,18.9167
8709,18.9167
8710,18.9156
8710,18.9156
8711,18.9145
8711,18.9145
8712,18.9134
8712,18.9134
8713,18.9122
8713,18.9122
8714,18.911
8714,18.911
8715,18.9097
8715,18.9097
8716,18.9084
8716,18.9084
8717,18.9072
8717,18.9072
8718,18.9059
8718,18.9059
8719,18.9047
8719,18.9047
8720,18.9034
8720,18.9034
8721,18.9022
8721,18.9022
8722,18.9009
8722,18.9009
8723,18.8997
8723,18.8997
8724,18.8984
8724,18.8984
8725,18.8972
8725,18.8972
8726,18.8959
8726,18.8959
8727,18.8946
8727,18.8946
8728,18.8934
8728,18.8934
8729,18.8921
8729,18.8921
8730,18.8909
8730,18.8909
8731,18.8896
8731,18.8896
8732,18.8884
8732,18.8884
8733,18.8872
8733,18.8872
8734,18.8859
8734,18.8859
8735,18.8846
8735,18.8846
8736,18.8834
8736,18.8834
8737,18.8821
8737,18.8821
8738,18.8809
8738,18.8809
8739,18.8796
8739,18.8796
8740,18.8784
8740,18.8784
8741,18.8771
8741,18.8771
8742,18.8759
8742,18.8759
8743,18.8747
8743,18.8747
8744,18.8735
8744,18.8735
8745,18.8723
8745,18.8723
8746,18.8712
8746,18.8712
8747,18.87
8747,18.87
8748,18.8688
8748,18.8688
8749,18.8676
8749,18.8676
8750,18.8665
8750,18.8665
8751,18.8653
8751,18.8653
8752,18.8642
8752,18.8642
8753,18.8629
8753,18.8629
8754,18.8616
8754,18.8616
8755,18.8603
8755,18.8603
8756,18.859
8756,18.859
8757,18.8577
8757,18.8577
8758,18.8564
8758,18.8564
8759,18.8551
8759,18.8551
8760,18.8539
8760,18.8539
8761,18.8526
8761,18.8526
8762,18.8513
8762,18.8513
8763,18.85
8763,18.85
8764,18.8488
8764,18.8488
8765,18.8476
8765,18.8476
8766,18.8463
8766,18.8463
8767,18.8451
8767,18.8451
8768,18.8439
8768,18.8439
8769,18.8427
8769,18.8427
8770,18.8414
8770,18.8414
8771,18.8402
8771,18.8402
8772,18.839
8772,18.839
8773,18.8379
8773,18.8379
8774,18.8367
8774,18.8367
8775,18.8356
8775,18.8356
8776,18.8344
8776,18.8344
8777,18.8333
8777,18.8333
8778,18.8322
8778,18.8322
8779,18.831
8779,18.831
8780,18.8299
8780,18.8299
8781,18.8288
8781,18.8288
8782,18.8276
8782,18.8276
8783,18.8264
8783,18.8264
8784,18.8252
8784,18.8252
8785,18.8241
8785,18.8241
8786,18.8229
8786,18.8229
8787,18.8217
8787,18.8217
8788,18.8205
8788,18.8205
8789,18.8193
8789,18.8193
8790,18.8182
8790,18.8182
8791,18.817
8791,18.817
8792,18.8158
8792,18.8158
8793,18.8146
8793,18.8146
8794,18.8134
8794,18.8134
8795,18.8122
8795,18.8122
8796,18.811
8796,18.811
8797,18.8098
8797,18.8098
8798,18.8086
8798,18.8086
8799,18.8075
8799,18.8075
8800,18.8063
8800,18.8063
8801,18.8051
8801,18.8051
8802,18.804
8802,18.804
8803,18.8028
8803,18.8028
8804,18.8017
8804,18.8017
8805,18.8006
8805,18.8006
8806,18.7995
8806,18.7995
8807,18.7984
8807,18.7984
8808,18.7974
8808,18.7974
8809,18.7963
8809,18.7963
8810,18.7952
8810,18.7952
8811,18.7941
8811,18.7941
8812,18.7931
8812,18.7931
8813,18.7922
8813,18.7922
8814,18.7913
8814,18.7913
8815,18.7904
8815,18.7904
8816,18.7895
8816,18.7895
8817,18.7886
8817,18.7886
8818,18.7877
8818,18.7877
8819,18.7869
8819,18.7869
8820,18.786
8820,18.786
8821,18.7849
8821,18.7849
8822,18.7836
8822,18.7836
8823,18.7823
8823,18.7823
8824,18.781
8824,18.781
8825,18.7797
8825,18.7797
8826,18.7784
8826,18.7784
8827,18.7771
8827,18.7771
8828,18.7758
8828,18.7758
8829,18.7745
8829,18.7745
8830,18.7732
8830,18.7732
8831,18.7719
8831,18.7719
8832,18.7705
8832,18.7705
8833,18.7692
8833,18.7692
8834,18.7678
8834,18.7678
8835,18.7665
8835,18.7665
8836,18.7651
8836,18.7651
8837,18.7638
8837,18.7638
8838,18.7624
8838,18.7624
8839,18.7611
8839,18.7611
8840,18.7598
8840,18.7598
8841,18.7584
8841,18.7584
8842,18.7571
8842,18.7571
8843,18.7557
8843,18.7557
8844,18.7544
8844,18.7544
8845,18.7531
8845,18.7531
8846,18.7517
8846,18.7517
8847,18.7504
8847,18.7504
8848,18.7491
8848,18.7491
8849,18.7477
8849,18.7477
8850,18.7464
8850,18.7464
8851,18.745
8851,18.745
8852,18.7435
8852,18.7435
8853,18.742
8853,18.742
8854,18.7405
8854,18.7405
8855,18.739
8855,18.739
8856,18.7375
8856,18.7375
8857,18.7361
8857,18.7361
8858,18.7346
8858,18.7346
8859,18.7331
8859,18.7331
8860,18.7316
8860,18.7316
8861,18.7302
8861,18.7302
8862,18.7286
8862,18.7286
8863,18.7271
8863,18.7271
8864,18.7256
8864,18.7256
8865,18.7241
8865,18.7241
8866,18.7225
8866,18.7225
8867,18.721
8867,18.721
8868,18.7195
8868,18.7195
8869,18.718
8869,18.718
8870,18.7165
8870,18.7165
8871,18.7152
8871,18.7152
8872,18.7139
8872,18.7139
8873,18.7127
8873,18.7127
8874,18.7114
8874,18.7114
8875,18.7102
8875,18.7102
8876,18.7089
8876,18.7089
8877,18.7077
8877,18.7077
8878,18.7064
8878,18.7064
8879,18.7052
8879,18.7052
8880,18.704
8880,18.704
8881,18.7026
8881,18.7026
8882,18.7012
8882,18.7012
8883,18.6997
8883,18.6997
8884,18.6982
8884,18.6982
8885,18.6968
8885,18.6968
8886,18.6953
8886,18.6953
8887,18.6938
8887,18.6938
8888,18.6924
8888,18.6924
8889,18.6909
8889,18.6909
8890,18.6895
8890,18.6895
8891,18.6881
8891,18.6881
8892,18.6867
8892,18.6867
8893,18.6853
8893,18.6853
8894,18.6839
8894,18.6839
8895,18.6825
8895,18.6825
8896,18.6811
8896,18.6811
8897,18.6797
8897,18.6797
8898,18.6783
8898,18.6783
8899,18.6769
8899,18.6769
8900,18.6755
8900,18.6755
8901,18.674
8901,18.674
8902,18.6725
8902,18.6725
8903,18.671
8903,18.671
8904,18.6695
8904,18.6695
8905,18.668
8905,18.668
8906,18.6666
8906,18.6666
8907,18.6651
8907,18.6651
8908,18.6636
8908,18.6636
8909,18.6622
8909,18.6622
8910,18.6605
8910,18.6605
8911,18.6587
8911,18.6587
8912,18.657
8912,18.657
8913,18.6552
8913,18.6552
8914,18.6534
8914,18.6534
8915,18.6516
8915,18.6516
8916,18.6498
8916,18.6498
8917,18.6481
8917,18.6481
8918,18.6463
8918,18.6463
8919,18.6446
8919,18.6446
8920,18.6427
8920,18.6427
8921,18.6409
8921,18.6409
8922,18.639
8922,18.639
8923,18.6372
8923,18.6372
8924,18.6353
8924,18.6353
8925,18.6335
8925,18.6335
8926,18.6317
8926,18.6317
8927,18.6299
8927,18.6299
8928,18.628
8928,18.628
8929,18.6262
8929,18.6262
8930,18.6244
8930,18.6244
8931,18.6226
8931,18.6226
8932,18.6209
8932,18.6209
8933,18.6191
8933,18.6191
8934,18.6174
8934,18.6174
8935,18.6156
8935,18.6156
8936,18.6139
8936,18.6139
8937,18.6121
8937,18.6121
8938,18.6104
8938,18.6104
8939,18.6087
8939,18.6087
8940,18.6069
8940,18.6069
8941,18.6052
8941,18.6052
8942,18.608
8942,18.608
8943,18.6192
8943,18.6192
8944,18.6305
8944,18.6305
8945,18.6417
8945,18.6417
8946,18.6528
8946,18.6528
8947,18.6638
8947,18.6638
8948,18.675
8948,18.675
8949,18.6864
8949,18.6864
8950,18.6978
8950,18.6978
8951,18.7093
8951,18.7093
8952,18.7206
8952,18.7206
8953,18.7317
8953,18.7317
8954,18.7427
8954,18.7427
8955,18.754
8955,18.754
8956,18.7654
8956,18.7654
8957,18.7768
8957,18.7768
8958,18.788
8958,18.788
8959,18.7991
8959,18.7991
8960,18.8099
8960,18.8099
8961,18.8206
8961,18.8206
8962,18.8315
8962,18.8315
8963,18.8425
8963,18.8425
8964,18.8535
8964,18.8535
8965,18.8644
8965,18.8644
8966,18.8751
8966,18.8751
8967,18.8857
8967,18.8857
8968,18.8964
8968,18.8964
8969,18.9072
8969,18.9072
8970,18.9179
8970,18.9179
8971,18.9286
8971,18.9286
8972,18.9393
8972,18.9393
8973,18.95
8973,18.95
8974,18.9606
8974,18.9606
8975,18.9711
8975,18.9711
8976,18.9816
8976,18.9816
8977,18.9921
8977,18.9921
8978,19.0025
8978,19.0025
8979,19.0129
8979,19.0129
8980,19.0233
8980,19.0233
8981,19.0337
8981,19.0337
8982,19.0442
8982,19.0442
8983,19.0546
8983,19.0546
8984,19.065
8984,19.065
8985,19.0754
8985,19.0754
8986,19.0856
8986,19.0856
8987,19.0958
8987,19.0958
8988,19.106
8988,19.106
8989,19.1161
8989,19.1161
8990,19.1263
8990,19.1263
8991,19.1365
8991,19.1365
8992,19.1468
8992,19.1468
8993,19.157
8993,19.157
8994,19.1672
8994,19.1672
8995,19.1772
8995,19.1772
8996,19.1873
8996,19.1873
8997,19.1973
8997,19.1973
8998,19.2073
8998,19.2073
8999,19.2172
8999,19.2172
9000,19.2271
9000,19.2271
9001,19.2371
9001,19.2371
9002,19.2471
9002,19.2471
9003,19.257
9003,19.257
9004,19.2669
9004,19.2669
9005,19.2768
9005,19.2768
9006,19.2866
9006,19.2866
9007,19.2964
9007,19.2964
9008,19.3061
9008,19.3061
9009,19.3157
9009,19.3157
9010,19.3251
9010,19.3251
9011,19.3346
9011,19.3346
9012,19.3442
9012,19.3442
9013,19.3537
9013,19.3537
9014,19.3631
9014,19.3631
9015,19.3726
9015,19.3726
9016,19.3819
9016,19.3819
9017,19.3913
9017,19.3913
9018,19.4005
9018,19.4005
9019,19.4097
9019,19.4097
9020,19.4189
9020,19.4189
9021,19.428
9021,19.428
9022,19.4372
9022,19.4372
9023,19.4464
9023,19.4464
9024,19.4555
9024,19.4555
9025,19.4648
9025,19.4648
9026,19.474
9026,19.474
9027,19.483
9027,19.483
9028,19.4919
9028,19.4919
9029,19.5008
9029,19.5008
9030,19.5096
9030,19.5096
9031,19.5185
9031,19.5185
9032,19.5273
9032,19.5273
9033,19.5361
9033,19.5361
9034,19.5449
9034,19.5449
9035,19.5536
9035,19.5536
9036,19.5623
9036,19.5623
9037,19.571
9037,19.571
9038,19.5795
9038,19.5795
9039,19.5879
9039,19.5879
9040,19.5964
9040,19.5964
9041,19.6049
9041,19.6049
9042,19.6134
9042,19.6134
9043,19.6218
9043,19.6218
9044,19.6303
9044,19.6303
9045,19.6387
9045,19.6387
9046,19.647
9046,19.647
9047,19.6555
9047,19.6555
9048,19.6639
9048,19.6639
9049,19.6723
9049,19.6723
9050,19.6806
9050,19.6806
9051,19.6887
9051,19.6887
9052,19.6968
9052,19.6968
9053,19.7048
9053,19.7048
9054,19.7125
9054,19.7125
9055,19.7201
9055,19.7201
9056,19.7279
9056,19.7279
9057,19.7358
9057,19.7358
9058,19.7435
9058,19.7435
9059,19.7512
9059,19.7512
9060,19.7589
9060,19.7589
9061,19.7667
9061,19.7667
9062,19.7744
9062,19.7744
9063,19.7821
9063,19.7821
9064,19.7897
9064,19.7897
9065,19.7974
9065,19.7974
9066,19.805
9066,19.805
9067,19.8125
9067,19.8125
9068,19.8199
9068,19.8199
9069,19.8274
9069,19.8274
9070,19.8348
9070,19.8348
9071,19.8422
9071,19.8422
9072,19.8497
9072,19.8497
9073,19.8571
9073,19.8571
9074,19.8645
9074,19.8645
9075,19.8719
9075,19.8719
9076,19.8792
9076,19.8792
9077,19.8864
9077,19.8864
9078,19.8936
9078,19.8936
9079,19.9008
9079,19.9008
9080,19.9081
9080,19.9081
9081,19.9153
9081,19.9153
9082,19.9225
9082,19.9225
9083,19.9298
9083,19.9298
9084,19.937
9084,19.937
9085,19.9442
9085,19.9442
9086,19.9513
9086,19.9513
9087,19.9583
9087,19.9583
9088,19.9653
9088,19.9653
9089,19.9722
9089,19.9722
9090,19.9791
9090,19.9791
9091,19.9861
9091,19.9861
9092,19.993
9092,19.993
9093,19.9998
9093,19.9998
9094,20.0067
9094,20.0067
9095,20.0136
9095,20.0136
9096,20.0204
9096,20.0204
9097,20.0271
9097,20.0271
9098,20.0337
9098,20.0337
9099,20.0404
9099,20.0404
9100,20.0472
9100,20.0472
9101,20.0539
9101,20.0539
9102,20.0604
9102,20.0604
9103,20.0666
9103,20.0666
9104,20.0728
9104,20.0728
9105,20.0792
9105,20.0792
9106,20.0859
9106,20.0859
9107,20.0925
9107,20.0925
9108,20.0992
9108,20.0992
9109,20.1058
9109,20.1058
9110,20.1124
9110,20.1124
9111,20.1189
9111,20.1189
9112,20.1255
9112,20.1255
9113,20.1319
9113,20.1319
9114,20.1384
9114,20.1384
9115,20.1448
9115,20.1448
9116,20.151
9116,20.151
9117,20.1573
9117,20.1573
9118,20.1636
9118,20.1636
9119,20.17
9119,20.17
9120,20.1764
9120,20.1764
9121,20.1827
9121,20.1827
9122,20.189
9122,20.189
9123,20.1954
9123,20.1954
9124,20.2017
9124,20.2017
9125,20.208
9125,20.208
9126,20.2141
9126,20.2141
9127,20.2203
9127,20.2203
9128,20.2266
9128,20.2266
9129,20.2329
9129,20.2329
9130,20.2391
9130,20.2391
9131,20.2454
9131,20.2454
9132,20.2516
9132,20.2516
9133,20.2579
9133,20.2579
9134,20.2641
9134,20.2641
9135,20.2702
9135,20.2702
9136,20.2763
9136,20.2763
9137,20.2824
9137,20.2824
9138,20.2886
9138,20.2886
9139,20.2947
9139,20.2947
9140,20.3009
9140,20.3009
9141,20.3068
9141,20.3068
9142,20.3126
9142,20.3126
9143,20.3184
9143,20.3184
9144,20.3242
9144,20.3242
9145,20.3303
9145,20.3303
9146,20.3362
9146,20.3362
9147,20.3422
9147,20.3422
9148,20.3481
9148,20.3481
9149,20.3541
9149,20.3541
9150,20.36
9150,20.36
9151,20.3659
9151,20.3659
9152,20.3718
9152,20.3718
9153,20.3776
9153,20.3776
9154,20.3834
9154,20.3834
9155,20.3892
9155,20.3892
9156,20.3949
9156,20.3949
9157,20.4007
9157,20.4007
9158,20.4066
9158,20.4066
9159,20.4124
9159,20.4124
9160,20.4182
9160,20.4182
9161,20.424
9161,20.424
9162,20.4297
9162,20.4297
9163,20.4354
9163,20.4354
9164,20.4411
9164,20.4411
9165,20.4467
9165,20.4467
9166,20.4524
9166,20.4524
9167,20.458
9167,20.458
9168,20.4637
9168,20.4637
9169,20.4693
9169,20.4693
9170,20.4749
9170,20.4749
9171,20.4806
9171,20.4806
9172,20.4862
9172,20.4862
9173,20.4918
9173,20.4918
9174,20.4975
9174,20.4975
9175,20.5033
9175,20.5033
9176,20.5092
9176,20.5092
9177,20.5149
9177,20.5149
9178,20.5205
9178,20.5205
9179,20.526
9179,20.526
9180,20.5315
9180,20.5315
9181,20.5372
9181,20.5372
9182,20.5428
9182,20.5428
9183,20.5484
9183,20.5484
9184,20.5541
9184,20.5541
9185,20.5597
9185,20.5597
9186,20.5654
9186,20.5654
9187,20.5711
9187,20.5711
9188,20.5768
9188,20.5768
9189,20.5826
9189,20.5826
9190,20.5882
9190,20.5882
9191,20.5937
9191,20.5937
9192,20.5991
9192,20.5991
9193,20.6045
9193,20.6045
9194,20.6098
9194,20.6098
9195,20.6152
9195,20.6152
9196,20.6205
9196,20.6205
9197,20.6259
9197,20.6259
9198,20.6314
9198,20.6314
9199,20.6369
9199,20.6369
9200,20.6423
9200,20.6423
9201,20.6476
9201,20.6476
9202,20.653
9202,20.653
9203,20.6582
9203,20.6582
9204,20.6635
9204,20.6635
9205,20.6688
9205,20.6688
9206,20.6742
9206,20.6742
9207,20.6796
9207,20.6796
9208,20.6849
9208,20.6849
9209,20.6903
9209,20.6903
9210,20.6957
9210,20.6957
9211,20.7013
9211,20.7013
9212,20.7069
9212,20.7069
9213,20.7123
9213,20.7123
9214,20.7176
9214,20.7176
9215,20.723
9215,20.723
9216,20.7284
9216,20.7284
9217,20.7338
9217,20.7338
9218,20.7391
9218,20.7391
9219,20.7445
9219,20.7445
9220,20.7499
9220,20.7499
9221,20.7551
9221,20.7551
9222,20.7604
9222,20.7604
9223,20.7656
9223,20.7656
9224,20.7707
9224,20.7707
9225,20.7759
9225,20.7759
9226,20.7812
9226,20.7812
9227,20.7865
9227,20.7865
9228,20.7917
9228,20.7917
9229,20.797
9229,20.797
9230,20.8022
9230,20.8022
9231,20.8073
9231,20.8073
9232,20.8124
9232,20.8124
9233,20.8175
9233,20.8175
9234,20.8226
9234,20.8226
9235,20.8276
9235,20.8276
9236,20.8326
9236,20.8326
9237,20.8378
9237,20.8378
9238,20.8429
9238,20.8429
9239,20.8478
9239,20.8478
9240,20.8525
9240,20.8525
9241,20.8572
9241,20.8572
9242,20.862
9242,20.862
9243,20.8669
9243,20.8669
9244,20.8718
9244,20.8718
9245,20.8766
9245,20.8766
9246,20.8813
9246,20.8813
9247,20.8862
9247,20.8862
9248,20.891
9248,20.891
9249,20.8957
9249,20.8957
9250,20.9004
9250,20.9004
9251,20.905
9251,20.905
9252,20.9096
9252,20.9096
9253,20.9141
9253,20.9141
9254,20.9186
9254,20.9186
9255,20.9232
9255,20.9232
9256,20.9279
9256,20.9279
9257,20.9325
9257,20.9325
9258,20.9372
9258,20.9372
9259,20.9417
9259,20.9417
9260,20.946
9260,20.946
9261,20.9503
9261,20.9503
9262,20.9546
9262,20.9546
9263,20.959
9263,20.959
9264,20.9633
9264,20.9633
9265,20.9677
9265,20.9677
9266,20.9721
9266,20.9721
9267,20.9764
9267,20.9764
9268,20.9809
9268,20.9809
9269,20.9854
9269,20.9854
9270,20.9899
9270,20.9899
9271,20.9944
9271,20.9944
9272,20.9987
9272,20.9987
9273,21.0029
9273,21.0029
9274,21.007
9274,21.007
9275,21.011
9275,21.011
9276,21.0151
9276,21.0151
9277,21.0192
9277,21.0192
9278,21.0234
9278,21.0234
9279,21.0276
9279,21.0276
9280,21.0318
9280,21.0318
9281,21.0359
9281,21.0359
9282,21.0401
9282,21.0401
9283,21.0441
9283,21.0441
9284,21.0482
9284,21.0482
9285,21.0522
9285,21.0522
9286,21.0563
9286,21.0563
9287,21.0603
9287,21.0603
9288,21.0644
9288,21.0644
9289,21.0685
9289,21.0685
9290,21.0726
9290,21.0726
9291,21.0767
9291,21.0767
9292,21.0809
9292,21.0809
9293,21.085
9293,21.085
9294,21.0892
9294,21.0892
9295,21.0935
9295,21.0935
9296,21.0977
9296,21.0977
9297,21.1018
9297,21.1018
9298,21.1059
9298,21.1059
9299,21.11
9299,21.11
9300,21.114
9300,21.114
9301,21.118
9301,21.118
9302,21.1221
9302,21.1221
9303,21.1261
9303,21.1261
9304,21.1303
9304,21.1303
9305,21.1345
9305,21.1345
9306,21.1387
9306,21.1387
9307,21.1428
9307,21.1428
9308,21.147
9308,21.147
9309,21.1512
9309,21.1512
9310,21.1554
9310,21.1554
9311,21.1596
9311,21.1596
9312,21.1638
9312,21.1638
9313,21.168
9313,21.168
9314,21.172
9314,21.172
9315,21.1759
9315,21.1759
9316,21.1798
9316,21.1798
9317,21.1836
9317,21.1836
9318,21.1875
9318,21.1875
9319,21.1914
9319,21.1914
9320,21.1953
9320,21.1953
9321,21.1992
9321,21.1992
9322,21.2033
9322,21.2033
9323,21.2073
9323,21.2073
9324,21.2113
9324,21.2113
9325,21.2153
9325,21.2153
9326,21.2193
9326,21.2193
9327,21.2233
9327,21.2233
9328,21.2271
9328,21.2271
9329,21.2309
9329,21.2309
9330,21.2347
9330,21.2347
9331,21.2385
9331,21.2385
9332,21.2422
9332,21.2422
9333,21.2458
9333,21.2458
9334,21.2495
9334,21.2495
9335,21.2533
9335,21.2533
9336,21.2573
9336,21.2573
9337,21.2612
9337,21.2612
9338,21.265
9338,21.265
9339,21.2687
9339,21.2687
9340,21.2726
9340,21.2726
9341,21.2766
9341,21.2766
9342,21.2805
9342,21.2805
9343,21.2845
9343,21.2845
9344,21.2884
9344,21.2884
9345,21.2919
9345,21.2919
9346,21.2954
9346,21.2954
9347,21.2992
9347,21.2992
9348,21.3033
9348,21.3033
9349,21.3074
9349,21.3074
9350,21.3113
9350,21.3113
9351,21.3151
9351,21.3151
9352,21.3188
9352,21.3188
9353,21.3227
9353,21.3227
9354,21.3266
9354,21.3266
9355,21.3304
9355,21.3304
9356,21.3342
9356,21.3342
9357,21.3381
9357,21.3381
9358,21.3421
9358,21.3421
9359,21.3461
9359,21.3461
9360,21.35
9360,21.35
9361,21.3537
9361,21.3537
9362,21.3573
9362,21.3573
9363,21.3611
9363,21.3611
9364,21.3649
9364,21.3649
9365,21.3687
9365,21.3687
9366,21.3724
9366,21.3724
9367,21.3761
9367,21.3761
9368,21.3799
9368,21.3799
9369,21.3836
9369,21.3836
9370,21.3872
9370,21.3872
9371,21.3909
9371,21.3909
9372,21.3945
9372,21.3945
9373,21.3982
9373,21.3982
9374,21.4019
9374,21.4019
9375,21.4057
9375,21.4057
9376,21.4093
9376,21.4093
9377,21.413
9377,21.413
9378,21.4167
9378,21.4167
9379,21.4203
9379,21.4203
9380,21.4239
9380,21.4239
9381,21.4275
9381,21.4275
9382,21.4311
9382,21.4311
9383,21.4347
9383,21.4347
9384,21.4384
9384,21.4384
9385,21.4421
9385,21.4421
9386,21.4458
9386,21.4458
9387,21.4495
9387,21.4495
9388,21.4531
9388,21.4531
9389,21.4567
9389,21.4567
9390,21.4603
9390,21.4603
9391,21.4639
9391,21.4639
9392,21.4675
9392,21.4675
9393,21.4711
9393,21.4711
9394,21.4748
9394,21.4748
9395,21.4784
9395,21.4784
9396,21.482
9396,21.482
9397,21.4857
9397,21.4857
9398,21.4893
9398,21.4893
9399,21.4928
9399,21.4928
9400,21.4964
9400,21.4964
9401,21.4999
9401,21.4999
9402,21.5035
9402,21.5035
9403,21.5072
9403,21.5072
9404,21.5108
9404,21.5108
9405,21.5144
9405,21.5144
9406,21.518
9406,21.518
9407,21.5216
9407,21.5216
9408,21.5251
9408,21.5251
9409,21.5287
9409,21.5287
9410,21.5322
9410,21.5322
9411,21.5357
9411,21.5357
9412,21.5392
9412,21.5392
9413,21.5428
9413,21.5428
9414,21.5463
9414,21.5463
9415,21.5499
9415,21.5499
9416,21.5534
9416,21.5534
9417,21.5569
9417,21.5569
9418,21.5603
9418,21.5603
9419,21.5638
9419,21.5638
9420,21.5672
9420,21.5672
9421,21.5707
9421,21.5707
9422,21.5742
9422,21.5742
9423,21.5777
9423,21.5777
9424,21.5813
9424,21.5813
9425,21.5848
9425,21.5848
9426,21.5884
9426,21.5884
9427,21.5919
9427,21.5919
9428,21.5954
9428,21.5954
9429,21.5989
9429,21.5989
9430,21.6023
9430,21.6023
9431,21.6057
9431,21.6057
9432,21.6093
9432,21.6093
9433,21.6129
9433,21.6129
9434,21.6164
9434,21.6164
9435,21.62
9435,21.62
9436,21.6236
9436,21.6236
9437,21.6271
9437,21.6271
9438,21.6306
9438,21.6306
9439,21.6341
9439,21.6341
9440,21.6376
9440,21.6376
9441,21.641
9441,21.641
9442,21.6446
9442,21.6446
9443,21.6482
9443,21.6482
9444,21.6519
9444,21.6519
9445,21.6555
9445,21.6555
9446,21.6592
9446,21.6592
9447,21.6628
9447,21.6628
9448,21.6664
9448,21.6664
9449,21.6699
9449,21.6699
9450,21.6735
9450,21.6735
9451,21.677
9451,21.677
9452,21.6806
9452,21.6806
9453,21.6842
9453,21.6842
9454,21.6878
9454,21.6878
9455,21.6913
9455,21.6913
9456,21.6949
9456,21.6949
9457,21.6984
9457,21.6984
9458,21.7019
9458,21.7019
9459,21.7054
9459,21.7054
9460,21.7089
9460,21.7089
9461,21.7124
9461,21.7124
9462,21.7158
9462,21.7158
9463,21.7193
9463,21.7193
9464,21.7227
9464,21.7227
9465,21.7262
9465,21.7262
9466,21.7296
9466,21.7296
9467,21.733
9467,21.733
9468,21.7363
9468,21.7363
9469,21.7397
9469,21.7397
9470,21.743
9470,21.743
9471,21.7464
9471,21.7464
9472,21.7499
9472,21.7499
9473,21.7533
9473,21.7533
9474,21.7567
9474,21.7567
9475,21.7601
9475,21.7601
9476,21.7635
9476,21.7635
9477,21.7669
9477,21.7669
9478,21.7702
9478,21.7702
9479,21.7736
9479,21.7736
9480,21.7769
9480,21.7769
9481,21.7802
9481,21.7802
9482,21.7836
9482,21.7836
9483,21.787
9483,21.787
9484,21.7904
9484,21.7904
9485,21.7938
9485,21.7938
9486,21.7971
9486,21.7971
9487,21.8004
9487,21.8004
9488,21.8037
9488,21.8037
9489,21.807
9489,21.807
9490,21.8103
9490,21.8103
9491,21.8136
9491,21.8136
9492,21.817
9492,21.817
9493,21.8203
9493,21.8203
9494,21.8236
9494,21.8236
9495,21.8269
9495,21.8269
9496,21.8302
9496,21.8302
9497,21.8334
9497,21.8334
9498,21.8367
9498,21.8367
9499,21.8399
9499,21.8399
9500,21.8431
9500,21.8431
9501,21.8463
9501,21.8463
9502,21.8495
9502,21.8495
9503,21.8526
9503,21.8526
9504,21.8557
9504,21.8557
9505,21.8589
9505,21.8589
9506,21.8619
9506,21.8619
9507,21.865
9507,21.865
9508,21.8681
9508,21.8681
9509,21.8711
9509,21.8711
9510,21.8742
9510,21.8742
9511,21.8773
9511,21.8773
9512,21.8804
9512,21.8804
9513,21.8835
9513,21.8835
9514,21.8867
9514,21.8867
9515,21.8898
9515,21.8898
9516,21.8929
9516,21.8929
9517,21.8959
9517,21.8959
9518,21.899
9518,21.899
9519,21.902
9519,21.902
9520,21.905
9520,21.905
9521,21.9081
9521,21.9081
9522,21.9111
9522,21.9111
9523,21.9141
9523,21.9141
9524,21.9171
9524,21.9171
9525,21.9201
9525,21.9201
9526,21.9231
9526,21.9231
9527,21.926
9527,21.926
9528,21.929
9528,21.929
9529,21.9319
9529,21.9319
9530,21.9348
9530,21.9348
9531,21.9378
9531,21.9378
9532,21.9407
9532,21.9407
9533,21.9436
9533,21.9436
9534,21.9465
9534,21.9465
9535,21.9494
9535,21.9494
9536,21.9522
9536,21.9522
9537,21.9551
9537,21.9551
9538,21.9579
9538,21.9579
9539,21.9607
9539,21.9607
9540,21.9635
9540,21.9635
9541,21.9662
9541,21.9662
9542,21.9689
9542,21.9689
9543,21.9716
9543,21.9716
9544,21.9743
9544,21.9743
9545,21.977
9545,21.977
9546,21.9797
9546,21.9797
9547,21.9823
9547,21.9823
9548,21.9849
9548,21.9849
9549,21.9875
9549,21.9875
9550,21.9902
9550,21.9902
9551,21.993
9551,21.993
9552,21.9957
9552,21.9957
9553,21.9984
9553,21.9984
9554,22.0012
9554,22.0012
9555,22.0039
9555,22.0039
9556,22.0065
9556,22.0065
9557,22.0092
9557,22.0092
9558,22.0118
9558,22.0118
9559,22.0145
9559,22.0145
9560,22.0171
9560,22.0171
9561,22.0197
9561,22.0197
9562,22.0223
9562,22.0223
9563,22.0249
9563,22.0249
9564,22.0274
9564,22.0274
9565,22.03
9565,22.03
9566,22.0325
9566,22.0325
9567,22.035
9567,22.035
9568,22.0375
9568,22.0375
9569,22.04
9569,22.04
9570,22.0424
9570,22.0424
9571,22.0448
9571,22.0448
9572,22.0471
9572,22.0471
9573,22.0494
9573,22.0494
9574,22.0518
9574,22.0518
9575,22.0541
9575,22.0541
9576,22.0564
9576,22.0564
9577,22.0586
9577,22.0586
9578,22.0609
9578,22.0609
9579,22.0632
9579,22.0632
9580,22.0653
9580,22.0653
9581,22.0674
9581,22.0674
9582,22.0695
9582,22.0695
9583,22.0716
9583,22.0716
9584,22.0737
9584,22.0737
9585,22.0758
9585,22.0758
9586,22.0778
9586,22.0778
9587,22.0799
9587,22.0799
9588,22.0819
9588,22.0819
9589,22.0839
9589,22.0839
9590,22.0859
9590,22.0859
9591,22.0879
9591,22.0879
9592,22.0898
9592,22.0898
9593,22.0918
9593,22.0918
9594,22.0937
9594,22.0937
9595,22.0956
9595,22.0956
9596,22.0975
9596,22.0975
9597,22.0994
9597,22.0994
9598,22.1013
9598,22.1013
9599,22.1032
9599,22.1032
9600,22.105
9600,22.105
9601,22.1068
9601,22.1068
9602,22.1086
9602,22.1086
9603,22.1103
9603,22.1103
9604,22.1121
9604,22.1121
9605,22.1138
9605,22.1138
9606,22.1156
9606,22.1156
9607,22.1173
9607,22.1173
9608,22.119
9608,22.119
9609,22.1207
9609,22.1207
9610,22.1224
9610,22.1224
9611,22.124
9611,22.124
9612,22.1256
9612,22.1256
9613,22.1272
9613,22.1272
9614,22.1288
9614,22.1288
9615,22.1304
9615,22.1304
9616,22.132
9616,22.132
9617,22.1336
9617,22.1336
9618,22.1351
9618,22.1351
9619,22.1367
9619,22.1367
9620,22.1383
9620,22.1383
9621,22.1398
9621,22.1398
9622,22.1413
9622,22.1413
9623,22.1429
9623,22.1429
9624,22.1444
9624,22.1444
9625,22.1459
9625,22.1459
9626,22.1474
9626,22.1474
9627,22.1489
9627,22.1489
9628,22.1503
9628,22.1503
9629,22.1517
9629,22.1517
9630,22.1531
9630,22.1531
9631,22.1544
9631,22.1544
9632,22.1557
9632,22.1557
9633,22.157
9633,22.157
9634,22.1583
9634,22.1583
9635,22.1596
9635,22.1596
9636,22.1608
9636,22.1608
9637,22.1621
9637,22.1621
9638,22.1634
9638,22.1634
9639,22.1645
9639,22.1645
9640,22.1656
9640,22.1656
9641,22.1667
9641,22.1667
9642,22.1678
9642,22.1678
9643,22.1689
9643,22.1689
9644,22.17
9644,22.17
9645,22.171
9645,22.171
9646,22.1721
9646,22.1721
9647,22.1731
9647,22.1731
9648,22.1741
9648,22.1741
9649,22.1751
9649,22.1751
9650,22.1759
9650,22.1759
9651,22.1767
9651,22.1767
9652,22.1775
9652,22.1775
9653,22.1784
9653,22.1784
9654,22.1792
9654,22.1792
9655,22.1799
9655,22.1799
9656,22.1807
9656,22.1807
9657,22.1815
9657,22.1815
9658,22.1823
9658,22.1823
9659,22.183
9659,22.183
9660,22.1836
9660,22.1836
9661,22.1842
9661,22.1842
9662,22.1848
9662,22.1848
9663,22.1854
9663,22.1854
9664,22.1859
9664,22.1859
9665,22.1865
9665,22.1865
9666,22.1871
9666,22.1871
9667,22.1876
9667,22.1876
9668,22.1881
9668,22.1881
9669,22.1886
9669,22.1886
9670,22.189
9670,22.189
9671,22.1894
9671,22.1894
9672,22.1898
9672,22.1898
9673,22.1902
9673,22.1902
9674,22.1906
9674,22.1906
9675,22.191
9675,22.191
9676,22.1914
9676,22.1914
9677,22.1917
9677,22.1917
9678,22.1921
9678,22.1921
9679,22.1923
9679,22.1923
9680,22.1926
9680,22.1926
9681,22.1928
9681,22.1928
9682,22.1931
9682,22.1931
9683,22.1933
9683,22.1933
9684,22.1936
9684,22.1936
9685,22.1938
9685,22.1938
9686,22.194
9686,22.194
9687,22.1942
9687,22.1942
9688,22.1944
9688,22.1944
9689,22.1945
9689,22.1945
9690,22.1947
9690,22.1947
9691,22.1948
9691,22.1948
9692,22.1949
9692,22.1949
9693,22.195
9693,22.195
9694,22.1951
9694,22.1951
9695,22.1952
9695,22.1952
9696,22.1953
9696,22.1953
9697,22.1954
9697,22.1954
9698,22.1955
9698,22.1955
9699,22.1956
9699,22.1956
9700,22.1956
9700,22.1956
9701,22.1957
9701,22.1957
9702,22.1957
9702,22.1957
9703,22.1957
9703,22.1957
9704,22.1958
9704,22.1958
9705,22.1958
9705,22.1958
9706,22.1958
9706,22.1958
9707,22.1958
9707,22.1958
9708,22.1958
9708,22.1958
9709,22.1958
9709,22.1958
9710,22.1957
9710,22.1957
9711,22.1957
9711,22.1957
9712,22.1956
9712,22.1956
9713,22.1956
9713,22.1956
9714,22.1955
9714,22.1955
9715,22.1955
9715,22.1955
9716,22.1954
9716,22.1954
9717,22.1953
9717,22.1953
9718,22.1952
9718,22.1952
9719,22.195
9719,22.195
9720,22.1948
9720,22.1948
9721,22.1947
9721,22.1947
9722,22.1945
9722,22.1945
9723,22.1943
9723,22.1943
9724,22.1941
9724,22.1941
9725,22.1939
9725,22.1939
9726,22.1937
9726,22.1937
9727,22.1935
9727,22.1935
9728,22.1933
9728,22.1933
9729,22.193
9729,22.193
9730,22.1927
9730,22.1927
9731,22.1924
9731,22.1924
9732,22.1922
9732,22.1922
9733,22.1919
9733,22.1919
9734,22.1916
9734,22.1916
9735,22.1913
9735,22.1913
9736,22.191
9736,22.191
9737,22.1907
9737,22.1907
9738,22.1903
9738,22.1903
9739,22.19
9739,22.19
9740,22.1897
9740,22.1897
9741,22.1893
9741,22.1893
9742,22.189
9742,22.189
9743,22.1886
9743,22.1886
9744,22.1883
9744,22.1883
9745,22.1879
9745,22.1879
9746,22.1876
9746,22.1876
9747,22.1871
9747,22.1871
9748,22.1867
9748,22.1867
9749,22.1862
9749,22.1862
9750,22.1857
9750,22.1857
9751,22.1853
9751,22.1853
9752,22.1848
9752,22.1848
9753,22.1843
9753,22.1843
9754,22.1838
9754,22.1838
9755,22.1833
9755,22.1833
9756,22.1828
9756,22.1828
9757,22.1823
9757,22.1823
9758,22.1817
9758,22.1817
9759,22.1812
9759,22.1812
9760,22.1806
9760,22.1806
9761,22.18
9761,22.18
9762,22.1795
9762,22.1795
9763,22.1789
9763,22.1789
9764,22.1783
9764,22.1783
9765,22.1777
9765,22.1777
9766,22.1771
9766,22.1771
9767,22.1765
9767,22.1765
9768,22.1759
9768,22.1759
9769,22.1752
9769,22.1752
9770,22.1746
9770,22.1746
9771,22.1739
9771,22.1739
9772,22.1733
9772,22.1733
9773,22.1726
9773,22.1726
9774,22.1719
9774,22.1719
9775,22.1713
9775,22.1713
9776,22.1706
9776,22.1706
9777,22.1699
9777,22.1699
9778,22.1691
9778,22.1691
9779,22.1683
9779,22.1683
9780,22.1675
9780,22.1675
9781,22.1668
9781,22.1668
9782,22.166
9782,22.166
9783,22.1652
9783,22.1652
9784,22.1644
9784,22.1644
9785,22.1636
9785,22.1636
9786,22.1628
9786,22.1628
9787,22.162
9787,22.162
9788,22.1611
9788,22.1611
9789,22.1603
9789,22.1603
9790,22.1594
9790,22.1594
9791,22.1586
9791,22.1586
9792,22.1577
9792,22.1577
9793,22.1569
9793,22.1569
9794,22.156
9794,22.156
9795,22.1551
9795,22.1551
9796,22.1542
9796,22.1542
9797,22.1534
9797,22.1534
9798,22.1525
9798,22.1525
9799,22.1516
9799,22.1516
9800,22.1507
9800,22.1507
9801,22.1498
9801,22.1498
9802,22.1489
9802,22.1489
9803,22.148
9803,22.148
9804,22.1471
9804,22.1471
9805,22.1462
9805,22.1462
9806,22.1453
9806,22.1453
9807,22.1443
9807,22.1443
9808,22.1434
9808,22.1434
9809,22.1425
9809,22.1425
9810,22.1415
9810,22.1415
9811,22.1406
9811,22.1406
9812,22.1396
9812,22.1396
9813,22.1387
9813,22.1387
9814,22.1377
9814,22.1377
9815,22.1368
9815,22.1368
9816,22.1358
9816,22.1358
9817,22.1348
9817,22.1348
9818,22.1339
9818,22.1339
9819,22.1329
9819,22.1329
9820,22.132
9820,22.132
9821,22.131
9821,22.131
9822,22.13
9822,22.13
9823,22.129
9823,22.129
9824,22.1281
9824,22.1281
9825,22.1271
9825,22.1271
9826,22.1261
9826,22.1261
9827,22.1251
9827,22.1251
9828,22.1241
9828,22.1241
9829,22.1231
9829,22.1231
9830,22.1221
9830,22.1221
9831,22.1211
9831,22.1211
9832,22.1201
9832,22.1201
9833,22.1191
9833,22.1191
9834,22.118
9834,22.118
9835,22.117
9835,22.117
9836,22.116
9836,22.116
9837,22.115
9837,22.115
9838,22.114
9838,22.114
9839,22.1129
9839,22.1129
9840,22.1119
9840,22.1119
9841,22.1109
9841,22.1109
9842,22.1099
9842,22.1099
9843,22.1088
9843,22.1088
9844,22.1078
9844,22.1078
9845,22.1068
9845,22.1068
9846,22.1058
9846,22.1058
9847,22.1048
9847,22.1048
9848,22.1038
9848,22.1038
9849,22.1028
9849,22.1028
9850,22.1018
9850,22.1018
9851,22.1008
9851,22.1008
9852,22.0999
9852,22.0999
9853,22.0989
9853,22.0989
9854,22.0979
9854,22.0979
9855,22.0969
9855,22.0969
9856,22.0959
9856,22.0959
9857,22.0949
9857,22.0949
9858,22.0939
9858,22.0939
9859,22.093
9859,22.093
9860,22.092
9860,22.092
9861,22.091
9861,22.091
9862,22.09
9862,22.09
9863,22.089
9863,22.089
9864,22.088
9864,22.088
9865,22.087
9865,22.087
9866,22.086
9866,22.086
9867,22.085
9867,22.085
9868,22.084
9868,22.084
9869,22.0829
9869,22.0829
9870,22.0819
9870,22.0819
9871,22.0809
9871,22.0809
9872,22.0799
9872,22.0799
9873,22.0788
9873,22.0788
9874,22.0778
9874,22.0778
9875,22.0767
9875,22.0767
9876,22.0757
9876,22.0757
9877,22.0746
9877,22.0746
9878,22.0735
9878,22.0735
9879,22.0724
9879,22.0724
9880,22.0713
9880,22.0713
9881,22.0702
9881,22.0702
9882,22.0691
9882,22.0691
9883,22.0681
9883,22.0681
9884,22.067
9884,22.067
9885,22.0659
9885,22.0659
9886,22.0648
9886,22.0648
9887,22.0637
9887,22.0637
9888,22.0626
9888,22.0626
9889,22.0616
9889,22.0616
9890,22.0605
9890,22.0605
9891,22.0594
9891,22.0594
9892,22.0583
9892,22.0583
9893,22.0572
9893,22.0572
9894,22.0561
9894,22.0561
9895,22.055
9895,22.055
9896,22.0539
9896,22.0539
9897,22.0527
9897,22.0527
9898,22.0516
9898,22.0516
9899,22.0504
9899,22.0504
9900,22.0493
9900,22.0493
9901,22.0481
9901,22.0481
9902,22.0469
9902,22.0469
9903,22.0458
9903,22.0458
9904,22.0446
9904,22.0446
9905,22.0435
9905,22.0435
9906,22.0423
9906,22.0423
9907,22.0411
9907,22.0411
9908,22.0399
9908,22.0399
9909,22.0387
9909,22.0387
9910,22.0375
9910,22.0375
9911,22.0363
9911,22.0363
9912,22.0351
9912,22.0351
9913,22.0339
9913,22.0339
9914,22.0327
9914,22.0327
9915,22.0315
9915,22.0315
9916,22.0303
9916,22.0303
9917,22.0291
9917,22.0291
9918,22.0279
9918,22.0279
9919,22.0267
9919,22.0267
9920,22.0255
9920,22.0255
9921,22.0243
9921,22.0243
9922,22.0231
9922,22.0231
9923,22.0219
9923,22.0219
9924,22.0207
9924,22.0207
9925,22.0195
9925,22.0195
9926,22.0183
9926,22.0183
9927,22.0171
9927,22.0171
9928,22.0159
9928,22.0159
9929,22.0146
9929,22.0146
9930,22.0134
9930,22.0134
9931,22.0122
9931,22.0122
9932,22.011
9932,22.011
9933,22.0098
9933,22.0098
9934,22.0085
9934,22.0085
9935,22.0073
9935,22.0073
9936,22.006
9936,22.006
9937,22.0048
9937,22.0048
9938,22.0035
9938,22.0035
9939,22.0023
9939,22.0023
9940,22.001
9940,22.001
9941,21.9998
9941,21.9998
9942,21.9985
9942,21.9985
9943,21.9973
9943,21.9973
9944,21.996
9944,21.996
9945,21.9947
9945,21.9947
9946,21.9934
9946,21.9934
9947,21.9921
9947,21.9921
9948,21.9908
9948,21.9908
9949,21.9894
9949,21.9894
9950,21.9881
9950,21.9881
9951,21.9868
9951,21.9868
9952,21.9855
9952,21.9855
9953,21.9842
9953,21.9842
9954,21.9829
9954,21.9829
9955,21.9815
9955,21.9815
9956,21.9802
9956,21.9802
9957,21.9789
9957,21.9789
9958,21.9776
9958,21.9776
9959,21.9762
9959,21.9762
9960,21.9749
9960,21.9749
9961,21.9736
9961,21.9736
9962,21.9722
9962,21.9722
9963,21.9709
9963,21.9709
9964,21.9696
9964,21.9696
9965,21.9682
9965,21.9682
9966,21.9668
9966,21.9668
9967,21.9654
9967,21.9654
9968,21.964
9968,21.964
9969,21.9626
9969,21.9626
9970,21.9612
9970,21.9612
9971,21.9599
9971,21.9599
9972,21.9585
9972,21.9585
9973,21.9571
9973,21.9571
9974,21.9556
9974,21.9556
9975,21.9542
9975,21.9542
9976,21.9527
9976,21.9527
9977,21.9513
9977,21.9513
9978,21.9498
9978,21.9498
9979,21.9484
9979,21.9484
9980,21.9469
9980,21.9469
9981,21.9454
9981,21.9454
9982,21.944
9982,21.944
9983,21.9425
9983,21.9425
9984,21.941
9984,21.941
9985,21.9396
9985,21.9396
9986,21.9381
9986,21.9381
9987,21.9366
9987,21.9366
9988,21.9351
9988,21.9351
9989,21.9336
9989,21.9336
9990,21.9321
9990,21.9321
9991,21.9306
9991,21.9306
9992,21.9291
9992,21.9291
9993,21.9276
9993,21.9276
9994,21.926
9994,21.926
9995,21.9245
9995,21.9245
9996,21.9229
9996,21.9229
9997,21.9214
9997,21.9214
9998,21.9198
9998,21.9198
9999,21.9183
9999,21.9183
10000,21.9167
10000,21.9167
